id,en,zh,pos,stage,difficulty
1,"a few","一些",phr.,"小学",A1
2,a.m.,"上午",abbr.,"小学",A1
3,a/an,"一(个)",art.,"小学",A1
4,about,"关于；大约",prep./adv.,"小学",A1
5,above,"在……上面",prep.,"小学",A1
6,act,"表演",v.,"小学",A1
7,active,"活跃的",adj.,"小学",A1
8,actor,"演员",n.,"小学",A1
9,afraid,"害怕的",adj.,"小学",A1
10,after,"在……以后",prep./conj.,"小学",A1
11,afternoon,"下午",n.,"小学",A1
12,again,"再一次",adv.,"小学",A1
13,age,"年龄",n.,"小学",A1
14,ago,"以前",adv.,"小学",A1
15,air,"空气",n.,"小学",A1
16,airport,"机场",n.,"小学",A1
17,all,"全部的；所有",adj./pron.,"小学",A1
18,also,"也",adv.,"小学",A1
19,always,"总是",adv.,"小学",A1
20,amazing,"令人惊奇的",adj.,"小学",A1
21,and,"和，与",conj.,"小学",A1
22,angry,"生气的",adj.,"小学",A1
23,animal,"动物",n.,"小学",A1
24,answer,"回答",n./v.,"小学",A1
25,ant,"蚂蚁",n.,"小学",A1
26,any,"任何",adj./pron.,"小学",A1
27,anything,"任何事物",pron.,"小学",A1
28,anywhere,"任何地方",adv.,"小学",A1
29,apple,"苹果",n.,"小学",A1
30,April,"四月",n.,"小学",A1
31,arm,"手臂",n.,"小学",A1
32,art,"艺术",n.,"小学",A1
33,"art room","美术教室",n.,"小学",A1
34,artist,"艺术家",n.,"小学",A1
35,ask,"问，请求",v.,"小学",A1
36,astronaut,"宇航员",n.,"小学",A1
37,at,"在（某处或某时）",prep.,"小学",A1
38,ate,"吃（过去式）",v.,"小学",A1
39,"ate fresh food","吃新鲜食物",v.,"小学",A1
40,attention,"注意",n.,"小学",A1
41,August,"八月",n.,"小学",A1
42,aunt,"姑母；姨母",n.,"小学",A1
43,autumn,"秋天",n.,"小学",A1
44,baby,"婴儿",n.,"小学",A1
45,back,"背部；后面；回原处",n./adv.,"小学",A1
46,backpack,"背包",n.,"小学",A1
47,bad,"坏的；糟糕的",adj.,"小学",A1
48,badminton,"羽毛球",n.,"小学",A1
49,bag,"包，袋",n.,"小学",A1
50,ball,"球",n.,"小学",A1
51,bamboo,"竹子",n.,"小学",A1
52,banana,"香蕉",n.,"小学",A1
53,"baseball player","棒球运动员",n.,"小学",A1
54,basket,"篮子",n.,"小学",A1
55,basketball,"篮球",n.,"小学",A1
56,bathroom,"浴室",n.,"小学",A1
57,"be (am, is, are)","是",v.,"小学",A1
58,beach,"海滩",n.,"小学",A1
59,bean,"豆",n.,"小学",A1
60,bear,"熊",n.,"小学",A1
61,beautiful,"美丽的",adj.,"小学",A1
62,because,"因为",conj.,"小学",A1
63,become,"开始变得；变成",v.,"小学",A1
64,bed,"床",n.,"小学",A1
65,bedroom,"卧室",n.,"小学",A1
66,bee,"蜜蜂",n.,"小学",A1
67,beef,"牛肉",n.,"小学",A1
68,before,"在……以前",prep./conj.,"小学",A1
69,begin,"开始",v.,"小学",A1
70,behind,"在……后面",prep.,"小学",A1
71,beside,"在……旁边",prep.,"小学",A1
72,best,"最好的（地）",adj./adv.,"小学",A1
73,better,"更好的",adj.,"小学",A1
74,between,"在……之间",prep.,"小学",A1
75,big,"大的",adj.,"小学",A1
76,bigger,"更大的",adj.,"小学",A1
77,"bike (=bicycle)","自行车",n.,"小学",A1
78,bird,"鸟",n.,"小学",A1
79,birthday,"生日",n.,"小学",A1
80,black,"黑色（的）",adj./n.,"小学",A1
81,blackboard,"黑板",n.,"小学",A1
82,blue,"蓝色（的）",adj./n.,"小学",A1
83,board,"写字板",n.,"小学",A1
84,boat,"小船",n.,"小学",A1
85,boating,"划船",n.,"小学",A1
86,body,"身体",n.,"小学",A1
87,book,"书",n.,"小学",A1
88,bookstore,"书店",n.,"小学",A1
89,born,"出生",v.,"小学",A1
90,both,"两个都",pron.,"小学",A1
91,bottle,"瓶子",n.,"小学",A1
92,bought,"买（过去式）",v.,"小学",A1
93,"bought gifts","买礼物",v.,"小学",A1
94,box,"箱子，盒子",n.,"小学",A1
95,boy,"男孩",n.,"小学",A1
96,brave,"勇敢的",adj.,"小学",A1
97,bread,"面包",n.,"小学",A1
98,breakfast,"早餐",n.,"小学",A1
99,breath,"呼吸",n.,"小学",A1
100,bridge,"桥",n.,"小学",A1
101,bring,"带来",v.,"小学",A1
102,broken,"破损的",adj.,"小学",A1
103,brother,"兄，弟",n.,"小学",A1
104,brown,"棕色（的）",adj./n.,"小学",A1
105,brush,"刷子；刷",n./v.,"小学",A1
106,building,"建筑物",n.,"小学",A1
107,bus,"公共汽车",n.,"小学",A1
108,businessman,"商人",n.,"小学",A1
109,busy,"忙碌的",adj.,"小学",A1
110,but,"但是",conj.,"小学",A1
111,buy,"买",v.,"小学",A1
112,by,"通过，乘坐",prep.,"小学",A1
113,"by bike","骑自行车",prep.,"小学",A1
114,"by bus","乘公交",prep.,"小学",A1
115,"by subway","乘地铁",prep.,"小学",A1
116,"by taxi","乘出租车",prep.,"小学",A1
117,cake,"蛋糕",n.,"小学",A1
118,call,"打电话；称呼",v./n.,"小学",A1
119,camera,"照相机",n.,"小学",A1
120,camp,"野营",n./v.,"小学",A1
121,can,"能，会","modal v.","小学",A1
122,Canada,"加拿大",n.,"小学",A1
123,Canadian,"加拿大的",adj.,"小学",A1
124,candle,"蜡烛",n.,"小学",A1
125,candy,"糖果",n.,"小学",A1
126,cap,"帽子",n.,"小学",A1
127,car,"小汽车",n.,"小学",A1
128,card,"卡片",n.,"小学",A1
129,careful,"小心的",adj.,"小学",A1
130,carrot,"胡萝卜",n.,"小学",A1
131,cartoon,"漫画",n.,"小学",A1
132,castle,"城堡",n.,"小学",A1
133,cat,"猫",n.,"小学",A1
134,catch,"抓住；赶上",v.,"小学",A1
135,cave,"山洞",n.,"小学",A1
136,century,"世纪",n.,"小学",A1
137,chair,"椅子",n.,"小学",A1
138,chase,"追赶",v.,"小学",A1
139,cheap,"便宜的",adj.,"小学",A1
140,cheese,"奶酪",n.,"小学",A1
141,cheetah,"猎豹",n.,"小学",A1
142,chess,"国际象棋",n.,"小学",A1
143,chicken,"鸡；鸡肉",n.,"小学",A1
144,"child (pl. children)","孩子，儿童",n.,"小学",A1
145,children,"儿童",n.,"小学",A1
146,China,"中国",n.,"小学",A1
147,Chinese,"中国的；汉语；中国人",adj./n.,"小学",A1
148,"Chinese book","语文书",n.,"小学",A1
149,chopsticks,"筷子",n.,"小学",A1
150,chore,"家务杂事",n.,"小学",A1
151,Christmas,"圣诞节",n.,"小学",A1
152,cinema,"电影院",n.,"小学",A1
153,circle,"圆形",n.,"小学",A1
154,city,"城市",n.,"小学",A1
155,class,"班级；课",n.,"小学",A1
156,classmate,"同学",n.,"小学",A1
157,classroom,"教室",n.,"小学",A1
158,clean,"干净的；打扫",adj./v.,"小学",A1
159,"clean my room","打扫房间",v.,"小学",A1
160,cleaned,"打扫",v.,"小学",A1
161,clever,"聪明的",adj.,"小学",A1
162,climb,"爬",v.,"小学",A1
163,climbing,"攀登",v.,"小学",A1
164,clock,"时钟",n.,"小学",A1
165,close,"关，闭",v./adj.,"小学",A1
166,clothes,"衣服",n.,"小学",A1
167,cloudy,"多云的",adj.,"小学",A1
168,club,"俱乐部",n.,"小学",A1
169,coach,"教练",n.,"小学",A1
170,coat,"外套，大衣",n.,"小学",A1
171,coin,"硬币",n.,"小学",A1
172,cold,"冷的；感冒",adj./n.,"小学",A1
173,colour,"颜色",n.,"小学",A1
174,"colour (AmE color)","颜色",n.,"小学",A1
175,come,"来",v.,"小学",A1
176,"come on","加油",phr.,"小学",A1
177,comic,"滑稽的",adj.,"小学",A1
178,"comic book","连环画册",n.,"小学",A1
179,computer,"计算机，电脑",n.,"小学",A1
180,"computer room","计算机房",n.,"小学",A1
181,contest,"比赛",n.,"小学",A1
182,cook,"烹调，煮；厨师",v./n.,"小学",A1
183,cooking,"烹饪",n.,"小学",A1
184,cool,"凉爽的；酷的",adj.,"小学",A1
185,corner,"角落",n.,"小学",A1
186,cough,"咳嗽",v./n.,"小学",A1
187,could,"能（过去式）","modal v.","小学",A1
188,count,"数数",v.,"小学",A1
189,"count to ten","数到十",v.,"小学",A1
190,country,"国家",n.,"小学",A1
191,countryside,"乡村",n.,"小学",A1
192,cousin,"堂（表）兄弟姐妹",n.,"小学",A1
193,cow,"奶牛",n.,"小学",A1
194,crayon,"蜡笔",n.,"小学",A1
195,crossing,"十字路口",n.,"小学",A1
196,cry,"哭；喊叫",v./n.,"小学",A1
197,cucumber,"黄瓜",n.,"小学",A1
198,cup,"杯子",n.,"小学",A1
199,cute,"可爱的",adj.,"小学",A1
200,cycling,"骑自行车",n.,"小学",A1
201,dad,"爸爸",n.,"小学",A1
202,dance,"跳舞",v./n.,"小学",A1
203,dancing,"跳舞",n.,"小学",A1
204,dangerous,"危险的",adj.,"小学",A1
205,day,"天，日",n.,"小学",A1
206,dear,"亲爱的",adj.,"小学",A1
207,December,"十二月",n.,"小学",A1
208,deep,"深的",adj.,"小学",A1
209,degree,"度",n.,"小学",A1
210,delicious,"美味的",adj.,"小学",A1
211,dentist,"牙医",n.,"小学",A1
212,desk,"书桌",n.,"小学",A1
213,diary,"日记",n.,"小学",A1
214,dictionary,"词典",n.,"小学",A1
215,different,"不同的",adj.,"小学",A1
216,difficult,"困难的",adj.,"小学",A1
217,"dining hall","饭厅",n.,"小学",A1
218,dinner,"正餐，晚餐",n.,"小学",A1
219,dinosaur,"恐龙",n.,"小学",A1
220,dirty,"脏的",adj.,"小学",A1
221,do,"做，干",v.,"小学",A1
222,"do homework","做作业",v.,"小学",A1
223,"do kung fu","练武术",v.,"小学",A1
224,"do morning exercises","早锻炼",v.,"小学",A1
225,doctor,"医生",n.,"小学",A1
226,dog,"狗",n.,"小学",A1
227,"doing kung fu","练功夫",n.,"小学",A1
228,"doing morning exercises","做早操",v.,"小学",A1
229,doll,"玩偶",n.,"小学",A1
230,dollar,"元",n.,"小学",A1
231,door,"门",n.,"小学",A1
232,down,"向下",adv./prep.,"小学",A1
233,drank,"喝（过去式）",v.,"小学",A1
234,draw,"画",v.,"小学",A1
235,dream,"梦",n.,"小学",A1
236,dress,"连衣裙；穿衣",n./v.,"小学",A1
237,drink,"喝；饮料",v./n.,"小学",A1
238,drinking,"喝",v.,"小学",A1
239,driver,"司机",n.,"小学",A1
240,drum,"鼓",n.,"小学",A1
241,duck,"鸭子",n.,"小学",A1
242,each,"每个",adj.,"小学",A1
243,"each other","互相",pron.,"小学",A1
244,ear,"耳朵",n.,"小学",A1
245,early,"早的（地）",adj./adv.,"小学",A1
246,earth,"地球；泥土",n.,"小学",A1
247,Easter,"复活节",n.,"小学",A1
248,easy,"容易的",adj.,"小学",A1
249,eat,"吃",v.,"小学",A1
250,"eat breakfast","吃早饭",v.,"小学",A1
251,"eat dinner","吃晚饭",v.,"小学",A1
252,eating,"吃",v.,"小学",A1
253,"eating lunch","吃午饭",v.,"小学",A1
254,egg,"蛋",n.,"小学",A1
255,eight,"八",num.,"小学",A1
256,eighteen,"十八",num.,"小学",A1
257,eighty,"八十",num.,"小学",A1
258,elephant,"大象",n.,"小学",A1
259,eleven,"十一",num.,"小学",A1
260,else,"其他",adv.,"小学",A1
261,email,"电子邮件",n.,"小学",A1
262,English,"英国的；英语",adj./n.,"小学",A1
263,"English book","英语书",n.,"小学",A1
264,"English class","英语课",n.,"小学",A1
265,enjoy,"享受",v.,"小学",A1
266,envelope,"信封",n.,"小学",A1
267,eraser,"橡皮",n.,"小学",A1
268,even,"甚至",adv.,"小学",A1
269,evening,"晚上",n.,"小学",A1
270,every,"每个，每一",adj.,"小学",A1
271,everyone,"每人",pron.,"小学",A1
272,everywhere,"到处",adv.,"小学",A1
273,exam,"考试",n.,"小学",A1
274,excellent,"极好的",adj.,"小学",A1
275,excited,"兴奋的",adj.,"小学",A1
276,exercise,"锻炼；练习",n./v.,"小学",A1
277,exhibition,"展览",n.,"小学",A1
278,expensive,"贵的",adj.,"小学",A1
279,eye,"眼睛",n.,"小学",A1
280,face,"脸；面对",n./v.,"小学",A1
281,factory,"工厂",n.,"小学",A1
282,"factory worker","工厂工人",n.,"小学",A1
283,fall,"落下；秋天",v./n.,"小学",A1
284,family,"家庭",n.,"小学",A1
285,famous,"著名的",adj.,"小学",A1
286,fan,"风扇；迷，爱好者",n.,"小学",A1
287,far,"远的（地）",adj./adv.,"小学",A1
288,farm,"农场",n.,"小学",A1
289,farmer,"农民",n.,"小学",A1
290,fast,"快的（地）",adj./adv.,"小学",A1
291,faster,"更快的",adj.,"小学",A1
292,fat,"胖的",adj.,"小学",A1
293,father,"父亲",n.,"小学",A1
294,"father (dad)","父亲（爸爸）",n.,"小学",A1
295,"favourite (AmE favorite)","最喜爱的（事物）",adj./n.,"小学",A1
296,feature,"特点",n.,"小学",A1
297,February,"二月",n.,"小学",A1
298,feel,"感觉",v.,"小学",A1
299,feet,"脚（复数）",n.,"小学",A1
300,fell,"摔倒（过去式）",v.,"小学",A1
301,felt,"感觉",v.,"小学",A1
302,ferry,"轮渡",n.,"小学",A1
303,few,"不多",adj.,"小学",A1
304,fifteen,"十五",num.,"小学",A1
305,fifth,"第五",num.,"小学",A1
306,fifty,"五十",num.,"小学",A1
307,film,"电影",n.,"小学",A1
308,find,"找到，发现",v.,"小学",A1
309,fine,"好的；健康的",adj.,"小学",A1
310,finish,"完成；做完",v.,"小学",A1
311,fire,"火",n.,"小学",A1
312,first,"第一",num.,"小学",A1
313,"first floor","一楼",n.,"小学",A1
314,fish,"鱼；鱼肉；钓鱼",n./v.,"小学",A1
315,fisherman,"渔民",n.,"小学",A1
316,five,"五",num.,"小学",A1
317,fixed,"修理（过去式）",v.,"小学",A1
318,flag,"旗",n.,"小学",A1
319,floor,"地板；楼层",n.,"小学",A1
320,flower,"花",n.,"小学",A1
321,fly,"飞；苍蝇",v./n.,"小学",A1
322,follow,"跟着",v.,"小学",A1
323,food,"食物",n.,"小学",A1
324,fool,"傻瓜",n.,"小学",A1
325,foot,"脚",n.,"小学",A1
326,"foot (pl. feet)","脚；英尺",n.,"小学",A1
327,football,"足球",n.,"小学",A1
328,for,"为了；给；对于",prep.,"小学",A1
329,forest,"森林",n.,"小学",A1
330,fork,"叉子",n.,"小学",A1
331,forty,"四十",num.,"小学",A1
332,forty-one,"四十一",num.,"小学",A1
333,four,"四",num.,"小学",A1
334,fourteen,"十四",num.,"小学",A1
335,fourth,"第四",num.,"小学",A1
336,free,"免费的；有空的；自由的",adj.,"小学",A1
337,"French fries","炸薯条",n.,"小学",A1
338,fresh,"新鲜的",adj.,"小学",A1
339,Friday,"星期五",n.,"小学",A1
340,fridge,"冰箱",n.,"小学",A1
341,friend,"朋友",n.,"小学",A1
342,frog,"青蛙",n.,"小学",A1
343,from,"来自；从……起",prep.,"小学",A1
344,front,"前面；前面的",n./adj.,"小学",A1
345,fruit,"水果",n.,"小学",A1
346,funny,"滑稽的；好笑的",adj.,"小学",A1
347,fur,"毛皮",n.,"小学",A1
348,furniture,"家具",n.,"小学",A1
349,game,"游戏；比赛",n.,"小学",A1
350,garden,"花园",n.,"小学",A1
351,gate,"大门",n.,"小学",A1
352,gave,"提供；交给",v.,"小学",A1
353,get,"得到；到达；变得",v.,"小学",A1
354,"get together","聚会",v.,"小学",A1
355,"get up","起床",v.,"小学",A1
356,gift,"礼物",n.,"小学",A1
357,giraffe,"长颈鹿",n.,"小学",A1
358,girl,"女孩",n.,"小学",A1
359,give,"给",v.,"小学",A1
360,glass,"玻璃；玻璃杯",n.,"小学",A1
361,glove,"手套",n.,"小学",A1
362,glue,"胶水",n.,"小学",A1
363,go,"去",v.,"小学",A1
364,"go boating","去划船",v.,"小学",A1
365,"go cycling","去骑自行车",v.,"小学",A1
366,"go for a walk","散步",v.,"小学",A1
367,"go home","回家",v.,"小学",A1
368,"go on a picnic","去野餐",v.,"小学",A1
369,"go shopping","购物",v.,"小学",A1
370,"go straight","直走",v.,"小学",A1
371,"go swimming","去游泳",v.,"小学",A1
372,"go to bed","去睡觉",v.,"小学",A1
373,"go to school","上学",v.,"小学",A1
374,goal,"射门",n.,"小学",A1
375,goat,"山羊",n.,"小学",A1
376,gold,"金子",n.,"小学",A1
377,good,"好的",adj.,"小学",A1
378,"goodbye (bye)","再见",interj./n.,"小学",A1
379,GPS,"全球定位系统",n.,"小学",A1
380,grandfather,"祖父",n.,"小学",A1
381,"grandfather (grandpa)","（外）祖父",n.,"小学",A1
382,grandma,"奶奶",n.,"小学",A1
383,grandmother,"祖母",n.,"小学",A1
384,"grandmother (grandma)","（外）祖母",n.,"小学",A1
385,grandpa,"爷爷",n.,"小学",A1
386,grape,"葡萄",n.,"小学",A1
387,grass,"草；草地",n.,"小学",A1
388,great,"伟大的；好极了",adj.,"小学",A1
389,green,"绿色（的）",adj./n.,"小学",A1
390,"green beans","豆角",n.,"小学",A1
391,guitar,"吉他",n.,"小学",A1
392,gym,"体育馆",n.,"小学",A1
393,had,"有（过去式）",v.,"小学",A1
394,"had a cold","感冒",v.,"小学",A1
395,hair,"头发",n.,"小学",A1
396,half,"一半（的）",n./adj.,"小学",A1
397,hall,"大厅",n.,"小学",A1
398,hamburger,"汉堡包",n.,"小学",A1
399,hand,"手；传递",n./v.,"小学",A1
400,happy,"快乐的",adj.,"小学",A1
401,hard,"坚硬的；困难的；努力地",adj./adv.,"小学",A1
402,hard-working,"勤奋的",adj.,"小学",A1
403,hat,"帽子",n.,"小学",A1
404,"have (has)","有；吃；喝；进行",v.,"小学",A1
405,"have a look","看一看",v.,"小学",A1
406,have...class,"上课",v.,"小学",A1
407,having...class,"上课",v.,"小学",A1
408,he,"他",pron.,"小学",A1
409,head,"头",n.,"小学",A1
410,"head teacher","校长",n.,"小学",A1
411,healthy,"健康的",adj.,"小学",A1
412,hear,"听见",v.,"小学",A1
413,heavier,"更重的",adj.,"小学",A1
414,heavy,"重的",adj.,"小学",A1
415,hello,"喂，你好",interj.,"小学",A1
416,helmet,"头盔",n.,"小学",A1
417,help,"帮助",v./n.,"小学",A1
418,helpful,"有帮助的",adj.,"小学",A1
419,hen,"母鸡",n.,"小学",A1
420,her,"她的；她（宾格）",pron.,"小学",A1
421,here,"这里",adv.,"小学",A1
422,hero,"英雄",n.,"小学",A1
423,hers,"她的",pron.,"小学",A1
424,hi,"嗨",interj.,"小学",A1
425,high,"高的",adj.,"小学",A1
426,hiking,"远足",n.,"小学",A1
427,hill,"小山",n.,"小学",A1
428,him,"他（宾格）",pron.,"小学",A1
429,his,"他的",pron.,"小学",A1
430,hobby,"爱好",n.,"小学",A1
431,hole,"洞",n.,"小学",A1
432,holiday,"假日，假期",n.,"小学",A1
433,home,"家；在家，回家",n./adv.,"小学",A1
434,hometown,"家乡",n.,"小学",A1
435,homework,"作业",n.,"小学",A1
436,honey,"蜂蜜",n.,"小学",A1
437,horse,"马",n.,"小学",A1
438,hospital,"医院",n.,"小学",A1
439,hot,"热的",adj.,"小学",A1
440,"hot dog","热狗",n.,"小学",A1
441,hotel,"旅馆",n.,"小学",A1
442,hour,"小时",n.,"小学",A1
443,house,"房子",n.,"小学",A1
444,how,"怎样，如何；多么",adv.,"小学",A1
445,"how much","多少钱",phr.,"小学",A1
446,hungry,"饥饿的",adj.,"小学",A1
447,hurry,"匆忙，赶快",v./n.,"小学",A1
448,"hurry up","快点",v.,"小学",A1
449,hurt,"（使）疼痛；伤害",v.,"小学",A1
450,I,"我",pron.,"小学",A1
451,"ice cream","冰淇淋",n.,"小学",A1
452,ice-skate,"滑冰",v.,"小学",A1
453,idea,"主意，想法",n.,"小学",A1
454,if,"如果",conj.,"小学",A1
455,ill,"生病的",adj.,"小学",A1
456,in,"在……里；用",prep./adv.,"小学",A1
457,"in front of","在……前面",prep.,"小学",A1
458,insect,"昆虫",n.,"小学",A1
459,interesting,"有趣的",adj.,"小学",A1
460,Internet,"互联网",n.,"小学",A1
461,invent,"发明",v.,"小学",A1
462,island,"岛",n.,"小学",A1
463,it,"它",pron.,"小学",A1
464,Italian,"意大利的",adj.,"小学",A1
465,its,"它的",pron.,"小学",A1
466,jacket,"夹克衫",n.,"小学",A1
467,January,"一月",n.,"小学",A1
468,jasmine,"茉莉",n.,"小学",A1
469,jeans,"牛仔裤",n.,"小学",A1
470,job,"工作",n.,"小学",A1
471,join,"加入",v.,"小学",A1
472,juice,"果汁",n.,"小学",A1
473,July,"七月",n.,"小学",A1
474,jump,"跳",v./n.,"小学",A1
475,jumping,"跳",v.,"小学",A1
476,June,"六月",n.,"小学",A1
477,just,"正好",adv.,"小学",A1
478,"just a minute","稍等一会儿",phr.,"小学",A1
479,keep,"保持；继续；饲养",v.,"小学",A1
480,"keep to the right","靠右",v.,"小学",A1
481,"keep your desk clean","保持课桌干净",v.,"小学",A1
482,key,"钥匙",n.,"小学",A1
483,kid,"小孩；开玩笑",n./v.,"小学",A1
484,"killer whale","虎鲸",n.,"小学",A1
485,kilogram,"千克",n.,"小学",A1
486,kind,"种类；友好的",n./adj.,"小学",A1
487,king,"国王",n.,"小学",A1
488,kitchen,"厨房",n.,"小学",A1
489,kite,"风筝",n.,"小学",A1
490,kitten,"小猫",n.,"小学",A1
491,knee,"膝盖",n.,"小学",A1
492,knife,"刀",n.,"小学",A1
493,know,"知道，了解",v.,"小学",A1
494,"kung fu","功夫",n.,"小学",A1
495,"Labour Day","劳动节",n.,"小学",A1
496,ladder,"梯子",n.,"小学",A1
497,lake,"湖",n.,"小学",A1
498,lamb,"小羊",n.,"小学",A1
499,lamp,"台灯",n.,"小学",A1
500,lantern,"灯笼",n.,"小学",A1
501,last,"最后的；上一个；持续",adj./adv./v.,"小学",A1
502,late,"迟的，晚的",adj./adv.,"小学",A1
503,laughed,"笑（过去式）",v.,"小学",A1
504,lazy,"懒的",adj.,"小学",A1
505,leaf,"叶子",n.,"小学",A1
506,learn,"学习",v.,"小学",A1
507,left,"左",n./adv.,"小学",A1
508,leg,"腿",n.,"小学",A1
509,lemon,"柠檬",n.,"小学",A1
510,lesson,"课，教训",n.,"小学",A1
511,let,"让",v.,"小学",A1
512,letter,"信；字母",n.,"小学",A1
513,library,"图书馆",n.,"小学",A1
514,licked,"舔（过去式）",v.,"小学",A1
515,light,"光；灯；轻的；浅色的",n./adj.,"小学",A1
516,like,"喜欢；像",v./prep.,"小学",A1
517,lion,"狮子",n.,"小学",A1
518,listen,"听",v.,"小学",A1
519,"listening to music","听音乐",v.,"小学",A1
520,little,"小的；少的",adj./adv.,"小学",A1
521,live,"居住；生活",v.,"小学",A1
522,"living room","客厅",n.,"小学",A1
523,lobster,"龙虾",n.,"小学",A1
524,lock,"锁",n.,"小学",A1
525,London,"伦敦",n.,"小学",A1
526,long,"长的；长久地",adj./adv.,"小学",A1
527,"long hair","长头发",n.,"小学",A1
528,longer,"更长的",adj.,"小学",A1
529,look,"看；看起来",v./n.,"小学",A1
530,"look up","查阅",v.,"小学",A1
531,lot,"大量",n.,"小学",A1
532,"lots of","大量",phr.,"小学",A1
533,loud,"喧闹的",adj.,"小学",A1
534,love,"爱，喜爱",v./n.,"小学",A1
535,lovely,"可爱的，令人愉快的",adj.,"小学",A1
536,lower,"更低的",adj.,"小学",A1
537,lunch,"午餐",n.,"小学",A1
538,magazine,"杂志",n.,"小学",A1
539,magic,"魔法",n.,"小学",A1
540,make,"做，制造；使得",v.,"小学",A1
541,"make a snowman","堆雪人",v.,"小学",A1
542,man,"男人",n.,"小学",A1
543,"man (pl. men)","男人；人",n.,"小学",A1
544,many,"许多",adj./pron.,"小学",A1
545,map,"地图",n.,"小学",A1
546,March,"三月",n.,"小学",A1
547,market,"市场",n.,"小学",A1
548,"math book","数学书",n.,"小学",A1
549,"maths (=mathematics)","数学",n.,"小学",A1
550,may,"可以；可能","modal v.","小学",A1
551,me,"我（宾格）",pron.,"小学",A1
552,meat,"肉",n.,"小学",A1
553,meet,"遇见；见面",v./n.,"小学",A1
554,member,"成员",n.,"小学",A1
555,metre,"米",n.,"小学",A1
556,mice,"老鼠（复数）",n.,"小学",A1
557,"Mid-Autumn Festival","中秋节",n.,"小学",A1
558,middle,"中间（的）",n./adj.,"小学",A1
559,milk,"牛奶；挤奶",n./v.,"小学",A1
560,mine,"我的",pron.,"小学",A1
561,minute,"分钟",n.,"小学",A1
562,mirror,"镜子",n.,"小学",A1
563,Miss,"小姐",n.,"小学",A1
564,model,"模型",n.,"小学",A1
565,Monday,"星期一",n.,"小学",A1
566,money,"钱",n.,"小学",A1
567,monkey,"猴子",n.,"小学",A1
568,month,"月",n.,"小学",A1
569,moon,"月亮",n.,"小学",A1
570,mooncake,"月饼",n.,"小学",A1
571,more,"更多的",adj.,"小学",A1
572,morning,"早晨，上午",n.,"小学",A1
573,Moscow,"莫斯科",n.,"小学",A1
574,mother,"母亲",n.,"小学",A1
575,"mother (mum)","母亲（妈妈）",n.,"小学",A1
576,mountain,"山",n.,"小学",A1
577,mouse,"老鼠",n.,"小学",A1
578,"mouse (pl. mice)","老鼠；鼠标",n.,"小学",A1
579,mouth,"嘴",n.,"小学",A1
580,move,"移动",v.,"小学",A1
581,Mr,"先生",n.,"小学",A1
582,Mrs,"太太，夫人",n.,"小学",A1
583,Ms,"女士",n.,"小学",A1
584,much,"大量；非常",adj./adv.,"小学",A1
585,mud,"泥",n.,"小学",A1
586,mule,"骡子",n.,"小学",A1
587,mum,"妈妈",n.,"小学",A1
588,museum,"博物馆",n.,"小学",A1
589,music,"音乐",n.,"小学",A1
590,"music class","音乐课",n.,"小学",A1
591,"music room","音乐教室",n.,"小学",A1
592,must,"必须","modal v.","小学",A1
593,my,"我的",pron.,"小学",A1
594,name,"名字",n.,"小学",A1
595,national,"国家的",adj.,"小学",A1
596,"National Day","国庆节",n.,"小学",A1
597,nature,"自然界",n.,"小学",A1
598,near,"在附近；近的",prep./adj./adv.,"小学",A1
599,neck,"脖子",n.,"小学",A1
600,need,"需要",v.,"小学",A1
601,never,"从不",adv.,"小学",A1
602,new,"新的",adj.,"小学",A1
603,"New York","纽约",n.,"小学",A1
604,next,"接下来；下一个",adj./adv.,"小学",A1
605,"next to","紧邻",prep.,"小学",A1
606,"next week","下周",n.,"小学",A1
607,nice,"好的，令人愉快的",adj.,"小学",A1
608,night,"夜晚",n.,"小学",A1
609,nine,"九",num.,"小学",A1
610,nineteen,"十九",num.,"小学",A1
611,no,"不；没有",adv./adj.,"小学",A1
612,noise,"噪音",n.,"小学",A1
613,noodle,"面条",n.,"小学",A1
614,noodle(s),"面条",n.,"小学",A1
615,noodles,"面条",n.,"小学",A1
616,nose,"鼻子",n.,"小学",A1
617,not,"不",adv.,"小学",A1
618,notebook,"笔记本",n.,"小学",A1
619,nothing,"没有什么",pron.,"小学",A1
620,November,"十一月",n.,"小学",A1
621,now,"现在",adv.,"小学",A1
622,nurse,"护士",n.,"小学",A1
623,"o'clock","……点钟",adv.,"小学",A1
624,ocean,"海洋",n.,"小学",A1
625,October,"十月",n.,"小学",A1
626,of,"……的",prep.,"小学",A1
627,"of course","当然",phr.,"小学",A1
628,off,"离开；关掉",adv./prep.,"小学",A1
629,often,"经常",adv.,"小学",A1
630,oil,"油",n.,"小学",A1
631,OK,"好；可以",adj./adv.,"小学",A1
632,old,"老的；旧的",adj.,"小学",A1
633,older,"更年长的",adj.,"小学",A1
634,on,"在……上面；进行中",prep./adv.,"小学",A1
635,"on foot","步行",adv.,"小学",A1
636,one,"一",num.,"小学",A1
637,onion,"洋葱",n.,"小学",A1
638,only,"只有；仅仅",adv.,"小学",A1
639,open,"打开；敞开的",v./adj.,"小学",A1
640,or,"或者",conj.,"小学",A1
641,orange,"橙子；橙色（的）",n./adj.,"小学",A1
642,our,"我们的",pron.,"小学",A1
643,ours,"我们的",pron.,"小学",A1
644,out,"在外面；向外",adv./prep.,"小学",A1
645,outside,"在户外",adv.,"小学",A1
646,over,"在……上方；结束",prep./adv.,"小学",A1
647,p.m.,"下午",abbr.,"小学",A1
648,pack,"收拾",v.,"小学",A1
649,paint,"用颜料绘画",v.,"小学",A1
650,painting,"绘画",n.,"小学",A1
651,pair,"一双，一对",n.,"小学",A1
652,panda,"熊猫",n.,"小学",A1
653,pants,"裤子",n.,"小学",A1
654,paper,"纸",n.,"小学",A1
655,parent,"父（母）",n.,"小学",A1
656,parents,"父母",n.,"小学",A1
657,park,"公园；停放",n./v.,"小学",A1
658,part,"角色",n.,"小学",A1
659,party,"聚会，派对",n.,"小学",A1
660,pass,"传递",v.,"小学",A1
661,path,"小路",n.,"小学",A1
662,pay,"付款；工资",v./n.,"小学",A1
663,"pay attention to","注意",v.,"小学",A1
664,"PE (=physical education)","体育",n.,"小学",A1
665,"PE class","体育课",n.,"小学",A1
666,peach,"桃子",n.,"小学",A1
667,pear,"梨",n.,"小学",A1
668,pen,"钢笔",n.,"小学",A1
669,"pen pal","笔友",n.,"小学",A1
670,pencil,"铅笔",n.,"小学",A1
671,"pencil box","铅笔盒",n.,"小学",A1
672,people,"人，人们",n.,"小学",A1
673,pet,"宠物",n.,"小学",A1
674,phone,"电话",n.,"小学",A1
675,photo,"照片",n.,"小学",A1
676,"photo (=photograph)","照片",n.,"小学",A1
677,piano,"钢琴",n.,"小学",A1
678,pick,"摘",v.,"小学",A1
679,"pick apples","摘苹果",v.,"小学",A1
680,picnic,"野餐",n.,"小学",A1
681,picture,"图片，照片",n.,"小学",A1
682,pie,"馅饼",n.,"小学",A1
683,pig,"猪",n.,"小学",A1
684,pillow,"枕头",n.,"小学",A1
685,pilot,"飞行员",n.,"小学",A1
686,ping-pong,"乒乓球",n.,"小学",A1
687,pink,"粉色（的）",adj./n.,"小学",A1
688,pizza,"比萨饼",n.,"小学",A1
689,place,"地方",n.,"小学",A1
690,plane,"飞机",n.,"小学",A1
691,planet,"行星",n.,"小学",A1
692,plant,"植物；种植",n./v.,"小学",A1
693,plate,"盘子",n.,"小学",A1
694,play,"玩；演奏；戏剧",v./n.,"小学",A1
695,"play basketball","打篮球",v.,"小学",A1
696,"play football","踢足球",v.,"小学",A1
697,"play ping-pong","打乒乓球",v.,"小学",A1
698,"play sports","进行体育运动",v.,"小学",A1
699,"play the pipa","弹琵琶",v.,"小学",A1
700,playground,"操场",n.,"小学",A1
701,playing,"玩",v.,"小学",A1
702,please,"请",v./interj.,"小学",A1
703,pocket,"口袋",n.,"小学",A1
704,poem,"诗",n.,"小学",A1
705,police,"警察",n.,"小学",A1
706,"police officer","警察",n.,"小学",A1
707,polite,"有礼貌的",adj.,"小学",A1
708,"post office","邮局",n.,"小学",A1
709,postcard,"明信片",n.,"小学",A1
710,postman,"邮递员",n.,"小学",A1
711,pot,"锅",n.,"小学",A1
712,potato,"土豆",n.,"小学",A1
713,pretty,"美丽的",adj.,"小学",A1
714,price,"价格",n.,"小学",A1
715,prince,"王子",n.,"小学",A1
716,princess,"公主",n.,"小学",A1
717,prize,"奖品",n.,"小学",A1
718,problem,"问题",n.,"小学",A1
719,program,"节目",n.,"小学",A1
720,pull,"拉；拽",v.,"小学",A1
721,pupil,"小学生",n.,"小学",A1
722,puppy,"小狗",n.,"小学",A1
723,purple,"紫色",adj./n.,"小学",A1
724,put,"放",v.,"小学",A1
725,puzzle,"谜",n.,"小学",A1
726,queen,"皇后",n.,"小学",A1
727,question,"问题；提问",n./v.,"小学",A1
728,quickly,"迅速地",adv.,"小学",A1
729,quiet,"安静的",adj.,"小学",A1
730,rabbit,"兔子",n.,"小学",A1
731,race,"比赛",n.,"小学",A1
732,radio,"收音机",n.,"小学",A1
733,rain,"雨；下雨",n./v.,"小学",A1
734,rainbow,"彩虹",n.,"小学",A1
735,rainy,"下雨的",adj.,"小学",A1
736,read,"读",v.,"小学",A1
737,"read a book","读书",v.,"小学",A1
738,"reading a book","读书",v.,"小学",A1
739,"reading stories","读故事",n.,"小学",A1
740,ready,"准备好了",adj.,"小学",A1
741,red,"红色（的）",adj./n.,"小学",A1
742,reporter,"记者",n.,"小学",A1
743,restaurant,"餐馆",n.,"小学",A1
744,rice,"米饭",n.,"小学",A1
745,riddle,"谜语",n.,"小学",A1
746,right,"正确的；右边；正好",adj./n./adv.,"小学",A1
747,ring,"戒指",n.,"小学",A1
748,river,"河流",n.,"小学",A1
749,robot,"机器人",n.,"小学",A1
750,rock,"岩石",n.,"小学",A1
751,rode,"骑（过去式）",v.,"小学",A1
752,room,"房间",n.,"小学",A1
753,rope,"绳子",n.,"小学",A1
754,ruler,"尺子",n.,"小学",A1
755,run,"跑",v.,"小学",A1
756,sad,"难过的",adj.,"小学",A1
757,safe,"安全的",adj.,"小学",A1
758,salad,"沙拉",n.,"小学",A1
759,sale,"特价销售",n.,"小学",A1
760,sand,"沙子",n.,"小学",A1
761,sandwich,"三明治",n.,"小学",A1
762,Saturday,"星期六",n.,"小学",A1
763,saw,"看见（过去式）",v.,"小学",A1
764,"saw a film","看电影",v.,"小学",A1
765,say,"说",v.,"小学",A1
766,scarf,"围巾",n.,"小学",A1
767,school,"学校",n.,"小学",A1
768,schoolbag,"书包",n.,"小学",A1
769,science,"科学",n.,"小学",A1
770,scientist,"科学家",n.,"小学",A1
771,scissors,"剪刀",n.,"小学",A1
772,screen,"屏幕",n.,"小学",A1
773,sea,"海",n.,"小学",A1
774,seal,"海豹",n.,"小学",A1
775,season,"季节",n.,"小学",A1
776,seat,"座位",n.,"小学",A1
777,second,"第二",num.,"小学",A1
778,"second floor","二楼",n.,"小学",A1
779,secretary,"秘书",n.,"小学",A1
780,see,"看见",v.,"小学",A1
781,"see a doctor","看病",v.,"小学",A1
782,"see a film","看电影",v.,"小学",A1
783,sell,"卖",v.,"小学",A1
784,send,"发送；邮寄",v.,"小学",A1
785,September,"九月",n.,"小学",A1
786,seven,"七",num.,"小学",A1
787,seventeen,"十七",num.,"小学",A1
788,shadow,"阴影",n.,"小学",A1
789,shall,"表示征求意见","modal v.","小学",A1
790,share,"分享",v.,"小学",A1
791,shark,"鲨鱼",n.,"小学",A1
792,she,"她",pron.,"小学",A1
793,"sheep (pl. sheep)","绵羊",n.,"小学",A1
794,shelf,"书架",n.,"小学",A1
795,ship,"船",n.,"小学",A1
796,shirt,"衬衫",n.,"小学",A1
797,shoe,"鞋",n.,"小学",A1
798,shoes,"鞋子",n.,"小学",A1
799,shop,"商店；购物",n./v.,"小学",A1
800,short,"短的；矮的",adj.,"小学",A1
801,"short hair","短头发",n.,"小学",A1
802,shorter,"更矮的",adj.,"小学",A1
803,shorts,"短裤",n.,"小学",A1
804,should,"应该","modal v.","小学",A1
805,show,"展示；表演",v./n.,"小学",A1
806,shy,"害羞的",adj.,"小学",A1
807,sing,"唱歌",v.,"小学",A1
808,Singapore,"新加坡",n.,"小学",A1
809,singing,"唱歌",n.,"小学",A1
810,sir,"先生",n.,"小学",A1
811,sister,"姐，妹",n.,"小学",A1
812,sit,"坐下",v.,"小学",A1
813,six,"六",num.,"小学",A1
814,sixteen,"十六",num.,"小学",A1
815,size,"尺码",n.,"小学",A1
816,skirt,"短裙",n.,"小学",A1
817,sled,"雪橇",n.,"小学",A1
818,sleep,"睡觉",v./n.,"小学",A1
819,sleeping,"睡觉",v.,"小学",A1
820,slept,"睡觉",v.,"小学",A1
821,slow,"慢的",adj.,"小学",A1
822,"slow down","减速",v.,"小学",A1
823,small,"小的",adj.,"小学",A1
824,smaller,"更小的",adj.,"小学",A1
825,smarter,"更聪明的",adj.,"小学",A1
826,snake,"蛇",n.,"小学",A1
827,snow,"雪；下雪",n./v.,"小学",A1
828,snowman,"雪人",n.,"小学",A1
829,snowy,"下雪的",adj.,"小学",A1
830,so,"如此；所以",adv./conj.,"小学",A1
831,soap,"肥皂",n.,"小学",A1
832,sock,"袜子",n.,"小学",A1
833,socks,"袜子",n.,"小学",A1
834,sofa,"沙发",n.,"小学",A1
835,some,"一些",adj./pron.,"小学",A1
836,sometimes,"有时",adv.,"小学",A1
837,song,"歌曲",n.,"小学",A1
838,sorry,"抱歉的",adj.,"小学",A1
839,sound,"听起来",v.,"小学",A1
840,soup,"汤",n.,"小学",A1
841,space,"空间；太空",n.,"小学",A1
842,Spanish,"西班牙的",adj.,"小学",A1
843,speak,"说，讲",v.,"小学",A1
844,"speak English","说英语",v.,"小学",A1
845,special,"特殊的",adj.,"小学",A1
846,"sperm whale","抹香鲸",n.,"小学",A1
847,spoon,"勺子",n.,"小学",A1
848,sport,"体育运动",n.,"小学",A1
849,sports,"体育运动",n.,"小学",A1
850,"sports meet","运动会",n.,"小学",A1
851,spring,"春天",n.,"小学",A1
852,squid,"鱿鱼",n.,"小学",A1
853,squirrel,"松鼠",n.,"小学",A1
854,stand,"站立",v.,"小学",A1
855,star,"星星；明星",n.,"小学",A1
856,start,"开始",v.,"小学",A1
857,stay,"保持",v.,"小学",A1
858,stayed,"停留",v.,"小学",A1
859,still,"仍然",adv.,"小学",A1
860,stone,"石头",n.,"小学",A1
861,stop,"停止；车站",v./n.,"小学",A1
862,storm,"暴风雨",n.,"小学",A1
863,story,"故事",n.,"小学",A1
864,story-book,"故事书",n.,"小学",A1
865,straight,"笔直地",adv.,"小学",A1
866,strawberry,"草莓",n.,"小学",A1
867,street,"街道",n.,"小学",A1
868,strict,"严格的",adj.,"小学",A1
869,strong,"强壮的；坚强的",adj.,"小学",A1
870,stronger,"更强壮的",adj.,"小学",A1
871,stuck,"陷住；无法移动",adj.,"小学",A1
872,student,"学生",n.,"小学",A1
873,studies,"学习（三单）",v.,"小学",A1
874,study,"学习；研究",v./n.,"小学",A1
875,subject,"学科；主题",n.,"小学",A1
876,subway,"地铁",n.,"小学",A1
877,summer,"夏天",n.,"小学",A1
878,sun,"太阳",n.,"小学",A1
879,Sunday,"星期日",n.,"小学",A1
880,sunglasses,"太阳镜",n.,"小学",A1
881,sunny,"晴朗的",adj.,"小学",A1
882,supermarket,"超市",n.,"小学",A1
883,sure,"确信的；当然",adj./adv.,"小学",A1
884,sushi,"寿司",n.,"小学",A1
885,sweater,"毛衣",n.,"小学",A1
886,sweep,"打扫",v.,"小学",A1
887,sweet,"甜的",adj.,"小学",A1
888,swim,"游泳",v./n.,"小学",A1
889,swing,"秋千",n.,"小学",A1
890,Sydney,"悉尼",n.,"小学",A1
891,table,"桌子",n.,"小学",A1
892,tail,"尾巴",n.,"小学",A1
893,take,"拿，取；花费",v.,"小学",A1
894,"take a deep breath","深深吸一口气",v.,"小学",A1
895,"take a trip","去旅行",v.,"小学",A1
896,"take turns","按顺序来",v.,"小学",A1
897,talk,"谈话",v./n.,"小学",A1
898,"talk quietly","小声说话",v.,"小学",A1
899,tall,"高的",adj.,"小学",A1
900,taller,"更高的",adj.,"小学",A1
901,taxi,"出租车",n.,"小学",A1
902,tea,"茶",n.,"小学",A1
903,teach,"教",v.,"小学",A1
904,teacher,"老师",n.,"小学",A1
905,"teacher's desk","讲台",n.,"小学",A1
906,"teacher's office","教师办公室",n.,"小学",A1
907,tell,"告诉",v.,"小学",A1
908,ten,"十",num.,"小学",A1
909,than,"比",conj./prep.,"小学",A1
910,thank,"谢谢",v./n.,"小学",A1
911,Thanksgiving,"感恩节",n.,"小学",A1
912,that,"那，那个",pron./adj.,"小学",A1
913,the,"这（那）个，这（那）些",art.,"小学",A1
914,"the Great Wall","长城",n.,"小学",A1
915,their,"他/她/它们的",pron.,"小学",A1
916,theirs,"他们的",pron.,"小学",A1
917,them,"他/她/它们（宾格）",pron.,"小学",A1
918,then,"然后；那时",adv.,"小学",A1
919,there,"在那里",adv.,"小学",A1
920,these,"这些",pron./adj.,"小学",A1
921,they,"他们",pron.,"小学",A1
922,thin,"瘦的；薄的",adj.,"小学",A1
923,thing,"事情",n.,"小学",A1
924,think,"认为，想",v.,"小学",A1
925,thinner,"更瘦的",adj.,"小学",A1
926,third,"第三",num.,"小学",A1
927,thirsty,"渴的",adj.,"小学",A1
928,thirteen,"十三",num.,"小学",A1
929,thirty,"三十",num.,"小学",A1
930,thirty-one,"三十一",num.,"小学",A1
931,this,"这，这个",pron./adj.,"小学",A1
932,those,"那些",pron./adj.,"小学",A1
933,thought,"想",v.,"小学",A1
934,three,"三",num.,"小学",A1
935,Thursday,"星期四",n.,"小学",A1
936,tidy,"整洁的；整理",adj./v.,"小学",A1
937,tiger,"老虎",n.,"小学",A1
938,till,"直到",prep.,"小学",A1
939,time,"时间；次数",n.,"小学",A1
940,tired,"累的，疲劳的",adj.,"小学",A1
941,to,"向，往",prep.,"小学",A1
942,today,"今天",n./adv.,"小学",A1
943,together,"一起",adv.,"小学",A1
944,toilet,"厕所",n.,"小学",A1
945,tomato,"西红柿",n.,"小学",A1
946,tomorrow,"明天",n./adv.,"小学",A1
947,ton,"吨",n.,"小学",A1
948,tonight,"在今晚",adv.,"小学",A1
949,too,"也；太",adv.,"小学",A1
950,took,"拍照（过去式）",v.,"小学",A1
951,"took pictures","拍照",v.,"小学",A1
952,tool,"工具",n.,"小学",A1
953,top,"顶部；顶端的",n./adj.,"小学",A1
954,tower,"塔",n.,"小学",A1
955,toy,"玩具",n.,"小学",A1
956,traffic,"交通",n.,"小学",A1
957,"traffic lights","交通灯",n.,"小学",A1
958,train,"火车；训练",n./v.,"小学",A1
959,travel,"旅行",v./n.,"小学",A1
960,treasure,"宝藏",n.,"小学",A1
961,tree,"树",n.,"小学",A1
962,trip,"旅行",n.,"小学",A1
963,trousers,"裤子",n.,"小学",A1
964,try,"尝试；努力",v./n.,"小学",A1
965,"try on","试穿",v.,"小学",A1
966,Tuesday,"星期二",n.,"小学",A1
967,turn,"转动；轮流",v./n.,"小学",A1
968,"turn left","左转",v.,"小学",A1
969,"turn right","右转",v.,"小学",A1
970,Turpan,"吐鲁番",n.,"小学",A1
971,"TV (=television)","电视",n.,"小学",A1
972,twelfth,"第十二",num.,"小学",A1
973,twelve,"十二",num.,"小学",A1
974,twentieth,"第二十",num.,"小学",A1
975,twenty,"二十",num.,"小学",A1
976,twenty-one,"二十一",num.,"小学",A1
977,two,"二",num.,"小学",A1
978,type,"打字",v.,"小学",A1
979,UK,"英国",n.,"小学",A1
980,umbrella,"雨伞",n.,"小学",A1
981,uncle,"叔叔，伯伯",n.,"小学",A1
982,under,"在……下面",prep.,"小学",A1
983,university,"大学",n.,"小学",A1
984,up,"向上",adv./prep.,"小学",A1
985,us,"我们（宾格）",pron.,"小学",A1
986,USA,"美国",n.,"小学",A1
987,use,"使用",v./n.,"小学",A1
988,usually,"通常",adv.,"小学",A1
989,vacation,"假期",n.,"小学",A1
990,vegetable,"蔬菜",n.,"小学",A1
991,very,"很，非常",adv./adj.,"小学",A1
992,village,"村庄",n.,"小学",A1
993,violin,"小提琴",n.,"小学",A1
994,visit,"拜访，参观",v./n.,"小学",A1
995,wait,"等待",v.,"小学",A1
996,wake,"醒来；叫醒",v.,"小学",A1
997,walk,"走；步行",v./n.,"小学",A1
998,wall,"墙",n.,"小学",A1
999,want,"想要",v.,"小学",A1
1000,warm,"温暖的",adj.,"小学",A1
1001,wash,"洗",v.,"小学",A1
1002,washed,"洗",v.,"小学",A1
1003,watch,"观看；手表",v./n.,"小学",A1
1004,watched,"看",v.,"小学",A1
1005,water,"水；浇水",n./v.,"小学",A1
1006,"water bottle","水瓶",n.,"小学",A1
1007,watermelon,"西瓜",n.,"小学",A1
1008,way,"方法；道路",n.,"小学",A1
1009,we,"我们",pron.,"小学",A1
1010,wear,"穿着，戴着",v.,"小学",A1
1011,weather,"天气",n.,"小学",A1
1012,Wednesday,"星期三",n.,"小学",A1
1013,week,"星期",n.,"小学",A1
1014,weekend,"周末",n.,"小学",A1
1015,welcome,"欢迎",v./adj./interj.,"小学",A1
1016,well,"好地；健康的",adv./adj.,"小学",A1
1017,went,"去（过去式）",v.,"小学",A1
1018,"went camping","去野营",v.,"小学",A1
1019,"went fishing","去钓鱼",v.,"小学",A1
1020,whale,"鲸鱼",n.,"小学",A1
1021,what,"什么",pron./adj.,"小学",A1
1022,when,"什么时候",adv./conj.,"小学",A1
1023,where,"在哪里",adv.,"小学",A1
1024,which,"哪一个",pron./adj.,"小学",A1
1025,white,"白色（的）",adj./n.,"小学",A1
1026,who,"谁",pron.,"小学",A1
1027,whose,"谁的",pron.,"小学",A1
1028,why,"为什么",adv.,"小学",A1
1029,will,"将，会","modal v.","小学",A1
1030,win,"赢，获胜",v.,"小学",A1
1031,window,"窗户",n.,"小学",A1
1032,windy,"有风的",adj.,"小学",A1
1033,winter,"冬天",n.,"小学",A1
1034,wish,"希望；祝愿",v./n.,"小学",A1
1035,with,"和；用；带有",prep.,"小学",A1
1036,woke,"醒（过去式）",v.,"小学",A1
1037,wolf,"狼",n.,"小学",A1
1038,woman,"女人",n.,"小学",A1
1039,"woman (pl. women)","女人",n.,"小学",A1
1040,wonderful,"美妙的，极好的",adj.,"小学",A1
1041,wood,"木头",n.,"小学",A1
1042,word,"词，单词",n.,"小学",A1
1043,"word book","单词书",n.,"小学",A1
1044,work,"工作",v./n.,"小学",A1
1045,worker,"工人",n.,"小学",A1
1046,world,"世界",n.,"小学",A1
1047,worried,"担心的",adj.,"小学",A1
1048,worry,"担心",v./n.,"小学",A1
1049,write,"写",v.,"小学",A1
1050,wrong,"错误的",adj.,"小学",A1
1051,year,"年",n.,"小学",A1
1052,yellow,"黄色（的）",adj./n.,"小学",A1
1053,yes,"是的",interj./n.,"小学",A1
1054,yesterday,"昨天",n./adv.,"小学",A1
1055,you,"你，你们",pron.,"小学",A1
1056,young,"年轻的",adj.,"小学",A1
1057,younger,"更年轻的",adj.,"小学",A1
1058,your,"你的，你们的",pron.,"小学",A1
1059,yours,"你的",pron.,"小学",A1
1060,yum,"味道好",interj.,"小学",A1
1061,yummy,"好吃的",adj.,"小学",A1
1062,zoo,"动物园",n.,"小学",A1
10001,"a (an)","一（个、件……）",art.,"初中",B1
10002,abandon,"放弃",v.,"初中",B1
10003,ability,"能力;才能",n.,"初中",B1
10004,able,"能够;有能力的",a.,"初中",A2
10005,about,"大约;到处;四处 prep. 关于;在各处;四处",ad.,"初中",A2
10006,above,"在…上面 a. 上面的 ad. 在…之上",prep.,"初中",A2
10007,abroad,"到（在）国外",ad.,"初中",B1
10008,absent,"缺席的",adj.,"初中",B1
10009,absolutely,"绝对地",adv.,"初中",B1
10010,academic,"学术的",adj.,"初中",B1
10011,accept,"接受",vt.,"初中",B1
10012,accessible,"可访问的",adj.,"初中",B1
10013,accident,"事故,意外",n.,"初中",B2
10014,accomplish,"完成",v.,"初中",B1
10015,accurate,"准确的",adj.,"初中",B1
10016,achieve,"实现",v.,"初中",B1
10017,achievement,"成就",n.,"初中",B1
10018,acquire,"获得",v.,"初中",B1
10019,across,"prep./ad. 横过;穿过;另一边,在对面","","初中",B1
10020,act,"法令，条例 v. 行动,（戏）表演,扮演（角色）",n.,"初中",A1
10021,action,"行动,行为,举动",n.,"初中",B1
10022,active,"积极的，主动的",a.,"初中",B1
10023,activity,"活动",n.,"初中",B2
10024,actually,"实际上",adv.,"初中",A2
10025,admire,"钦佩",v.,"初中",B1
10026,admit,"承认",v.,"初中",B1
10027,advance,"前进",v.,"初中",B1
10028,advantage,"优点；好处,有利条件",n.,"初中",B2
10029,adventure,"冒险",n.,"初中",B1
10030,advertisement,"广告",n.,"初中",B2
10031,advice,"忠告，劝告，建议",n.,"初中",B1
10032,advise,"建议",v.,"初中",B1
10033,affect,"影响",v.,"初中",B1
10034,afford,"负担得起（…的费用）；抽得出（时间）；提供",vt.,"初中",B1
10035,afraid,"害怕的；担心",a.,"初中",B1
10036,Africa,"非洲",n.,"初中",B1
10037,after,"在后；后来 prep. 在…之后 conj. 在…以后",ad.,"初中",A2
10038,afternoon,"下午，午后",n.,"初中",B2
10039,again,"再一次；再，又",ad.,"初中",A2
10040,against,"对着,反对,倚靠",prep.,"初中",B1
10041,age,"年龄；时代",n.,"初中",A1
10042,aggressive,"侵略的",adj.,"初中",B1
10043,ago,"以前",ad.,"初中",A1
10044,agree,"同意",v.,"初中",A2
10045,agreement,"协议",n.,"初中",A2
10046,aid,"援助",v.,"初中",B1
10047,aim,"目标",n.,"初中",B1
10048,air,"空气；大气",n.,"初中",A1
10049,aircraft,"飞机 (单复数同)",n.,"初中",B2
10050,airline,"航空公司;航空系统;航线",n.,"初中",B1
10051,airplane,"（美）飞机",n.,"初中",B2
10052,airport,"航空站,飞机场",n.,"初中",B1
10053,alcoholic,"酒精的",adj.,"初中",B1
10054,alike,"很相似地，同样地",ad.,"初中",A2
10055,alive,"活着的，存在的",a.,"初中",A2
10056,all,"全部地 a. 全（部）;所有的;总;整 pron. 全部;全体",ad.,"初中",A1
10057,allow,"允许，准许",vt.,"初中",A2
10058,almost,"几乎，差不多",ad.,"初中",B1
10059,alone,"单独的，孤独的",a.,"初中",A2
10060,along,"向前；和…一起；一同 prep. 沿着；顺着",ad.,"初中",A2
10061,already,"已经",ad.,"初中",B1
10062,also,"也",ad.,"初中",A2
10063,although,"虽然，尽管",conj.,"初中",B2
10064,always,"总是；一直；永远",ad.,"初中",B1
10065,amaze,"惊奇，惊叹；震惊",v.,"初中",A2
10066,amazing,"惊叹的;震惊的;令人惊讶的",a.,"初中",B1
10067,America,"美国；美洲",n.,"初中",B1
10068,American,"美国的；美国人的 n. 美国人",a.,"初中",B2
10069,among,"在…中间；在（三个以上）之间",prep.,"初中",A2
10070,ancient,"古代的",adj.,"初中",B1
10071,and,"和；又",conj.,"初中",A1
10072,angel,"天使,守护神",n.,"初中",A2
10073,angry,"生气的，愤怒的",a.,"初中",A2
10074,animal,"动物",n.,"初中",B1
10075,announce,"宣布",v.,"初中",B1
10076,announcement,"公告",n.,"初中",B1
10077,annoy,"使恼怒",v.,"初中",B1
10078,another,"再一；另一；别的 pron. 另一个",a.,"初中",B1
10079,answer,"回答,答复;答案 v. 回答,答复;（作出）答案",n.,"初中",B1
10080,anxiety,"焦虑",n.,"初中",B1
10081,any,"任何的;（用于疑问句、否定句）一些；什么",pron.,"初中",A1
10082,anyhow,"不管怎样",ad.,"初中",B1
10083,anyone,"任何人，无论谁",pron.,"初中",B1
10084,anything,"什么事（物）；任何事（物）",pron.,"初中",B2
10085,anywhere,"任何地方",ad.,"初中",B2
10086,apologize,"道歉，谢罪",vi.,"初中",B2
10087,apology,"道歉；歉意",n.,"初中",B1
10088,app,"应用程序",n.,"初中",A2
10089,appear,"出现",v.,"初中",B1
10090,apple,"苹果",n.,"初中",A2
10091,apply,"申请",v.,"初中",B1
10092,appointment,"约会",n.,"初中",B1
10093,appreciate,"感激",v.,"初中",B1
10094,appreciation,"感激",n.,"初中",B1
10095,April,"4月",n.,"初中",A2
10096,Arab,"阿拉伯的 n. 阿拉伯人",a.,"初中",A2
10097,area,"面积；地域，区域；范围，领域",n.,"初中",A2
10098,argument,"争论",n.,"初中",B1
10099,arm,"臂,支架,（美）武器,武力",n.,"初中",A1
10100,army,"军队",n.,"初中",A2
10101,around,"在周围；在附近 prep. 在…周围；大约",ad.,"初中",B1
10102,arrange,"安排",v.,"初中",B1
10103,arrangement,"安排",n.,"初中",B1
10104,arrive,"到达；达到",vi.,"初中",B1
10105,arrow,"箭；箭头",n.,"初中",A2
10106,art,"艺术，美术；技艺",n.,"初中",A1
10107,article,"文章;物品;冠词",n.,"初中",B1
10108,artist,"艺术家,美术家",n.,"初中",B1
10109,artistic,"艺术的",adj.,"初中",B1
10110,as,"ad.& conj. 像…一样;当…时；如同；因为 prep. 作为，当做","","初中",A1
10111,Asia,"亚洲",n.,"初中",A2
10112,Asian,"亚洲（人）的 n. 亚洲人",a.,"初中",A2
10113,ask,"问；请求，要求；邀请",v.,"初中",A1
10114,asleep,"睡着的，熟睡",a.,"初中",B1
10115,assist,"帮助",v.,"初中",B1
10116,assistant,"助手，助理",n.,"初中",B2
10117,assume,"假设",v.,"初中",B1
10118,astronaut,"宇航员",n.,"初中",B1
10119,at,"在（几点钟）;在（某处）",prep.,"初中",A1
10120,athletic,"运动的",adj.,"初中",B1
10121,atmosphere,"大气",n.,"初中",B1
10122,attach,"附加",v.,"初中",B1
10123,attack,"/ n. 攻击，袭击",vt.,"初中",B1
10124,attend,"看护，照料，服侍；出席，参加",v.,"初中",B1
10125,attention,"注意，关心",n.,"初中",B2
10126,attitude,"态度",n.,"初中",B1
10127,attract,"吸引，引起",v.,"初中",B1
10128,audience,"观众",n.,"初中",B1
10129,August,"8月",n.,"初中",B1
10130,aunt,"伯母；舅母；婶；姑；姨",n.,"初中",A2
10131,Australia,"澳洲；澳大利亚",n.,"初中",B2
10132,Australian,"澳洲的，澳大利亚人的 n. 澳大利亚人",a.,"初中",B2
10133,automatic,"自动的",adj.,"初中",B1
10134,autumn,"秋天，秋季",n.,"初中",B1
10135,avoid,"避免",v.,"初中",B1
10136,"awake (awoke, awoken)","唤醒 a. 醒着的",v.,"初中",B2
10137,away,"离开；远离",ad.,"初中",A2
10138,awful,"糟糕的",adj.,"初中",A2
10139,baby,"婴儿",n.,"初中",A2
10140,back,"回（原处）；向后 a. 后面的 n. 背后，后部；背",ad.,"初中",A2
10141,"bad (worse, worst)","坏的；有害的，不利的；严重的",a.,"初中",B2
10142,badly,"坏，恶劣地",ad.,"初中",A2
10143,bake,"烤； 烘（面包）",v.,"初中",A2
10144,ball,"球 n. 舞会",n.,"初中",A2
10145,balloon,"气球",n.,"初中",B1
10146,bamboo,"竹子",n.,"初中",B1
10147,ban,"禁止",v.,"初中",B1
10148,banana,"香蕉",n.,"初中",B1
10149,band,"乐队,波段,一伙,一帮,带(状物)",n.,"初中",A2
10150,bang,"砰",int.,"初中",A2
10151,bank,"n.（河海湖的）岸，堤, 银行","","初中",A2
10152,base,"根据地,基地,（棒球）垒",n.,"初中",A2
10153,baseball,"棒球",n.,"初中",B2
10154,basic,"基本的",adj.,"初中",B1
10155,basket,"篮子",n.,"初中",B1
10156,basketball,"篮球",n.,"初中",B2
10157,bath,"洗澡；浴室；澡盆",n.,"初中",A2
10158,be,"是 (am, is, are, was, were, being, been)；成为",v.,"初中",A1
10159,beach,"海滨，海滩",n.,"初中",A2
10160,bear,"承受，负担，承担；忍受；容忍 n. 熊",v.,"初中",A2
10161,"beat (beat, beaten)","敲打；跳动；打赢 n.（音乐）节拍",v.,"初中",B2
10162,beautiful,"美，美丽，美观的",a.,"初中",B2
10163,because,"因为",conj.,"初中",B1
10164,"become (became, be come)","变得；成为",v.,"初中",B2
10165,bed,"床",n.,"初中",A1
10166,bedroom,"寝室，卧室",n.,"初中",B1
10167,bee,"蜜蜂",n.,"初中",A1
10168,beef,"牛肉",n.,"初中",A2
10169,beer,"啤酒",n.,"初中",A2
10170,before,"在…以前；在…前面 ad. 以前 conj. 在…之前",prep.,"初中",B1
10171,beg,"请求，乞求，乞讨 ",v.,"初中",A1
10172,beginning,"开始，开端",n.,"初中",B2
10173,behavior,"行为",n.,"初中",B1
10174,behind,"(表示位置)在…后面 ad. 在后面；向后",prep.,"初中",B1
10175,belief,"信念",n.,"初中",B1
10176,believe,"相信，认为",v.,"初中",B1
10177,bell,"钟,铃;钟(铃)声;钟形物",n.,"初中",A2
10178,belong,"属于",v.,"初中",A2
10179,below,"在…下面",prep.,"初中",A2
10180,beside,"在…旁边；靠近",prep.,"初中",B1
10181,besides,"除…以外（还有） ad. 还有，此外",prep.,"初中",B1
10182,best-seller,"畅销书",n.,"初中",B2
10183,"better (good, well的比较级)","a.& ad. 更好的,更好地；更,更多 n. 较好的事物between [bɪˈtwiːn] prep. 在（两者）之间；在…中间","","初中",B2
10184,bicycle,"自行车",n.,"初中",B1
10185,big,"大的",a.,"初中",A1
10186,"bike = bicycle","自行车",n.,"初中",B2
10187,billion,"十亿",num.,"初中",B1
10188,biology,"生物（学）",n.,"初中",B1
10189,bird,"鸟",n.,"初中",A2
10190,birth,"出生；诞生",n.,"初中",A2
10191,birthday,"生日",n.,"初中",B2
10192,bit,"一点，一些，少量的",n.,"初中",A1
10193,black,"黑色 a. 黑色的",n.,"初中",A2
10194,blackboard,"黑板",n.,"初中",B2
10195,blank,"n.& a. 空格，空白（处）；空的；茫然无表情的","","初中",A2
10196,blind,"瞎的",a.,"初中",A2
10197,blog,"博客",n.,"初中",A2
10198,blouse,"宽罩衫；（妇女、儿童穿的）短上衣",n.,"初中",B1
10199,"blow (blew, blown)","吹；刮风；吹气 n. 击；打击",v.,"初中",B2
10200,blue,"蓝色 a. 蓝色的 a. 悲伤的；沮丧的",n.,"初中",A2
10201,board,"木板；布告牌;（政府的）部 v. 上（船、火车、飞机）",n.,"初中",A2
10202,boat,"小船，小舟",n.,"初中",A2
10203,boating,"划船（游玩），泛舟",n.,"初中",B1
10204,boil,"煮沸",v.,"初中",A2
10205,book,"书；本子 v. 预定，定（房间、车票等）",n.,"初中",A2
10206,bookmark,"书签",n.,"初中",B2
10207,bookstore,"书店",n.,"初中",B2
10208,boom,"/ v. 繁荣，轰鸣，激增",n.,"初中",A2
10209,boot,"长筒靴；靴",n.,"初中",A2
10210,bore,"使厌烦",v.,"初中",B1
10211,born,"出生的",a.,"初中",A2
10212,borrow,"借入",v.,"初中",A2
10213,both,"两；双 pron. 两者；双方",a.,"初中",A2
10214,bother,"烦扰",v.,"初中",B1
10215,bottle,"瓶子",n.,"初中",B1
10216,bottom,"底部；底",n.,"初中",B1
10217,bowl,"碗",n.,"初中",A2
10218,box,"盒子，箱子",n.,"初中",A1
10219,boy,"男孩",n.,"初中",A1
10220,brain,"脑（子）",n.,"初中",A2
10221,bread,"面包",n.,"初中",A2
10222,break,"打破",v.,"初中",A2
10223,"break (broke, broken)","间隙,中断,暂停 v. 打破（断，碎）",n.,"初中",B2
10224,breakfast,"早餐",n.,"初中",B2
10225,breathe,"呼吸",vi.,"初中",B1
10226,bridge,"桥",n.,"初中",B1
10227,bright,"明亮的；聪明的",a.,"初中",B1
10228,brighten,"使明亮",v.,"初中",B1
10229,brilliant,"杰出的",adj.,"初中",B1
10230,bring,"带来",v.,"初中",A2
10231,"bring (brought, brought)","拿来，带来，取来",vt.,"初中",B2
10232,Britain,"英国；不列颠",n.,"初中",B1
10233,British,"英国的；大不列颠的；英国人的",a.,"初中",B1
10234,broadcast,"/v. 广播",n.,"初中",B2
10235,broaden,"拓宽",v.,"初中",B1
10236,brochure,"小册子",n.,"初中",B1
10237,broken,"弄坏了的",a.,"初中",B1
10238,broom,"扫帚",n.,"初中",A2
10239,brother,"兄；弟",n.,"初中",B1
10240,brotherhood,"兄弟般的关系",n.,"初中",B2
10241,brown,"褐色，棕色 a. 褐色的，棕色的",n.,"初中",A2
10242,brush,"刷；擦 n. 刷子",v.,"初中",A2
10243,build,"建造",v.,"初中",A2
10244,"build (built, built)","建筑；造",v.,"初中",B2
10245,building,"建筑物；房屋；大楼",n.,"初中",B2
10246,burn,"燃烧",v.,"初中",A2
10247,"burn (-ed, -ed / burnt, burnt)","燃烧,着火;使烧焦;使晒黑 n. 烧伤;晒伤",v.,"初中",B2
10248,burst,"爆裂",v.,"初中",B1
10249,bury,"埋；葬",vt.,"初中",A2
10250,bus,"公共汽车",n.,"初中",A1
10251,"businessman (pl. businessmen)","商人（男）；男企业家",n.,"初中",B2
10252,busy,"忙（碌）的",a.,"初中",A2
10253,but,"但是，可是 prep. 除了, 除……外",conj.,"初中",A1
10254,butter,"黄油，奶油",n.,"初中",B1
10255,butterfly,"蝴蝶",n.,"初中",B2
10256,button,"纽扣；（电铃等的）按钮 v. 扣（纽扣） ",n.,"初中",B1
10257,"buy (bought,bought)","买",vt.,"初中",B2
10258,by,"在…旁；不迟于；被；用；乘（车）",prep.,"初中",A1
10259,bye,"再见",int.,"初中",A1
10260,cabbage,"卷心菜，洋白菜",n.,"初中",B1
10261,"café","咖啡馆;餐馆",n.,"初中",A2
10262,cage,"n 笼；鸟笼","","初中",A2
10263,cake,"蛋糕，糕点；饼",n.,"初中",A2
10264,call,"喊，叫；电话，通话 v. 称呼；呼唤；喊，叫",n.,"初中",A2
10265,camel,"骆驼",n.,"初中",A2
10266,camera,"照相机；摄像机",n.,"初中",B1
10267,camp,"n.（夏令）营 vi. 野营,宿营","","初中",A2
10268,"can (could)","可能；能够；可以 n.（美）罐头；罐子",v.,"初中",B2
10269,Canada,"加拿大",n.,"初中",B1
10270,Canadian,"加拿大的；加拿大人的 n. 加拿大人",a.,"初中",B2
10271,cancel,"取消",v.,"初中",B1
10272,cancer,"癌,癌症,弊端,社会恶习",n.,"初中",B1
10273,candle,"蜡烛",n.,"初中",B1
10274,candy,"糖果",n.,"初中",A2
10275,cannon,"大炮",n.,"初中",B1
10276,canoe,"独木舟 v. 乘独木舟",n.,"初中",A2
10277,cap,"帽子；（瓶子的）盖",n.,"初中",A1
10278,car,"汽车，小卧车",n.,"初中",A1
10279,carbon,"碳",n.,"初中",B1
10280,care,"照料，保护；小心 v. 介意…，在乎；关心",n.,"初中",A2
10281,careful,"小心，仔细，谨慎的",a.,"初中",B1
10282,careless,"粗心的，漫不经心的",a.,"初中",B2
10283,carrot,"胡萝卜",n.,"初中",B1
10284,carry,"拿，搬，带，提，抬，背，抱，运等",vt.,"初中",A2
10285,cat,"猫",n.,"初中",A1
10286,catch,"抓住",v.,"初中",A2
10287,cause,"原因，起因 vt. 促使，引起，使发生",n.,"初中",A2
10288,CD,"光盘 (compact disk的缩写)","","初中",A1
10289,ceiling,"天花板，顶棚",n.,"初中",B1
10290,celebrate,"庆祝",v.,"初中",B2
10291,celebration,"庆祝；庆祝会",n.,"初中",B2
10292,cent,"美分（100 cents = 1 dollar）",n.,"初中",A2
10293,"centre (美 center )","中心，中央",n.,"初中",B2
10294,century,"世纪，百年",n.,"初中",B1
10295,ceremony,"仪式",n.,"初中",B1
10296,certain,"（未指明真实名称的）某…；确定的，无疑的；一定会…",a.,"初中",B1
10297,certainly,"当然；一定，无疑",ad.,"初中",B2
10298,chair,"椅子",n.,"初中",A2
10299,chalk,"粉笔",n.,"初中",A2
10300,challenge,"挑战",n.,"初中",B1
10301,chance,"机会，可能性",n.,"初中",B1
10302,change,"零钱；找头 v. 改变，变化；更换；兑换",n.,"初中",B1
10303,channel,"频道",n.,"初中",A2
10304,chapter,"章节",n.,"初中",B1
10305,character,"角色；性格",n.,"初中",B1
10306,characteristic,"特有的",adj.,"初中",B1
10307,charge,"收费",v.,"初中",B1
10308,chart,"图表；航海图",n.,"初中",A2
10309,cheap,"便宜的，贱",a.,"初中",A2
10310,check,"检查；批改 vt. 校对，核对；检查；批改",n.,"初中",A2
10311,check-out,"结账台,收银台",n.,"初中",B2
10312,cheerful,"高兴的",adj.,"初中",B1
10313,cheese,"奶酪",n.,"初中",B1
10314,chemistry,"化学",n.,"初中",B2
10315,cheque,"(美check) n. 支票","","初中",B1
10316,chess,"国际象棋,棋",n.,"初中",A2
10317,chick,"小鸡",n.,"初中",A2
10318,chicken,"鸡；鸡肉",n.,"初中",B1
10319,"child (复children)","孩子，儿童",n.,"初中",B2
10320,chimney,"烟囱，烟筒",n.,"初中",B1
10321,China,"中国",n.,"初中",A2
10322,Chinese,"中国的；中国人的；汉语的 n. 中国人；汉语，",a.,"初中",B1
10323,chocolate,"巧克力",n.,"初中",B2
10324,choose,"选择",v.,"初中",A2
10325,"choose (chose, chosen)","选择",vt.,"初中",B2
10326,Christmas,"圣诞节",n.,"初中",B2
10327,church,"教堂；教会",n.,"初中",B1
10328,cinema,"电影院；电影",n.,"初中",B1
10329,circle,"/vt. 圆,环绕",n.,"初中",B1
10330,city,"市，城市，都市",n.,"初中",A2
10331,claim,"声称",v.,"初中",B1
10332,classic,"经典的",adj.,"初中",B1
10333,classify,"分类",v.,"初中",B1
10334,classmate,"同班同学",n.,"初中",B2
10335,classroom,"教室",n.,"初中",B2
10336,clean,"弄干净，擦干净 a. 清洁的，干净的",vt.,"初中",A2
10337,clear,"清晰；明亮的；清楚的",a.,"初中",A2
10338,clearly,"清楚地，无疑地",ad.,"初中",B1
10339,clever,"聪明的，伶俐的",a.,"初中",B1
10340,climate,"气候",n.,"初中",B1
10341,climb,"爬，攀登",v.,"初中",A2
10342,clock,"钟",n.,"初中",A2
10343,close,"亲密的；近，靠近 ad. 近，靠近 vt. 关，关闭",a.,"初中",A2
10344,cloth,"布",n.,"初中",A2
10345,clothes,"衣服；各种衣物",n.,"初中",B1
10346,cloud,"云；云状物；阴影",n.,"初中",A2
10347,cloudy,"多云的，阴天的",a.,"初中",B1
10348,club,"俱乐部；纸牌中的梅花",n.,"初中",A2
10349,coal,"煤；煤块",n.,"初中",A2
10350,coat,"外套；涂层；表皮；皮毛",n.,"初中",A2
10351,cock,"公鸡",n.,"初中",A2
10352,cocoa,"可可粉",n.,"初中",A2
10353,code,"密码,符号,准则",n.,"初中",A2
10354,coffee,"咖啡",n.,"初中",B1
10355,coin,"硬币",n.,"初中",A2
10356,coke,"可口可乐",n.,"初中",A2
10357,cold,"冷的，寒的 n. 寒冷；感冒，伤风",a.,"初中",A2
10358,collect,"收集，搜集",vt.,"初中",B1
10359,collection,"收集",n.,"初中",A2
10360,college,"学院；专科学校",n.,"初中",B1
10361,colorful,"多彩的",adj.,"初中",A2
10362,"colour (美color)","颜色 vt. 给…着色，涂色",n.,"初中",B2
10363,combine,"结合",v.,"初中",B1
10364,"come (came, come)","来，来到",vi.,"初中",B2
10365,comfort,"安慰；慰问",n.,"初中",B1
10366,comfortable,"舒服的；安逸的；舒服自在的",a.,"初中",B2
10367,commit,"承诺",v.,"初中",B1
10368,common,"普通，一般；共有的",a.,"初中",B1
10369,communicate,"交流",v.,"初中",B1
10370,communication,"交流",n.,"初中",B1
10371,community,"社区",n.,"初中",B1
10372,company,"公司",n.,"初中",B1
10373,compare,"比较",v.,"初中",B1
10374,compete,"竞争",v.,"初中",B1
10375,competition,"比赛，竞赛",n.,"初中",B2
10376,complain,"抱怨,投诉",v.,"初中",B2
10377,complete,"完成",v.,"初中",A2
10378,completely,"完全地",adv.,"初中",B1
10379,composition,"作文；作曲",n.,"初中",B2
10380,compromise,"妥协",v.,"初中",B1
10381,computer,"电子计算机",n.,"初中",B2
10382,comrade,"同志",n.,"初中",B1
10383,concentrate,"集中",v.,"初中",B1
10384,concert,"音乐会；演奏会",n.,"初中",B1
10385,condition,"条件",n.,"初中",B1
10386,conduct,"进行",v.,"初中",B1
10387,conductor,"指导者;（车上的）售票员，列车员;乐队指挥",n.,"初中",B2
10388,confident,"自信的",a.,"初中",B2
10389,confirm,"确认",v.,"初中",B1
10390,confuse,"使困惑",v.,"初中",B1
10391,congratulate,"祝贺",vt.,"初中",B2
10392,congratulation,"祝贺，庆贺",n.,"初中",B2
10393,connect,"连接，把…联系起来",v.,"初中",B1
10394,connection,"连接",n.,"初中",B1
10395,consider,"考虑",v.,"初中",B1
10396,consideration,"考虑",n.,"初中",B1
10397,consist,"由……组成",v.,"初中",B1
10398,constant,"持续的",adj.,"初中",B1
10399,construct,"建设",v.,"初中",B1
10400,consume,"消费",v.,"初中",B1
10401,contain,"包含",v.,"初中",B1
10402,contemporary,"当代的",adj.,"初中",B1
10403,continue,"继续",vi.,"初中",B2
10404,contrast,"对比",v.,"初中",B1
10405,contribute,"贡献",v.,"初中",B1
10406,control,"控制",v.,"初中",B1
10407,convenient,"方便的",adj.,"初中",B1
10408,conversation,"谈话，交谈",n.,"初中",B2
10409,convince,"使信服",v.,"初中",B1
10410,cook,"炊事员,厨师 v. 烹调,做饭",n.,"初中",A2
10411,cookie,"小甜饼",n.,"初中",B1
10412,cool,"凉的，凉爽的；酷",a.,"初中",A2
10413,cooperate,"合作",v.,"初中",B1
10414,copy,"抄本，副本；一本（份，册…） v. 抄写,复印,拷贝",n.,"初中",A2
10415,corn,"玉米，谷物",n.,"初中",A2
10416,corner,"角；角落；拐角",n.,"初中",B1
10417,correct,"改正；纠正 a. 正确的，对的；恰当的",v.,"初中",B1
10418,cost,"花费",v.,"初中",A2
10419,"cost (cost, cost)","v.值（钱），花费 n. 价格","","初中",B2
10420,cotton,"棉花 a. 棉花的",n.,"初中",B1
10421,cough,"n.& vi. 咳嗽","","初中",A2
10422,count,"数，点数",vt.,"初中",A2
10423,countless,"无数的",adj.,"初中",B1
10424,country,"国家；农村，乡下",n.,"初中",B1
10425,countryside,"乡下，农村",n.,"初中",B2
10426,couple,"夫妇，一对",n.,"初中",B1
10427,course,"过程；经过；课程",n.,"初中",B1
10428,cousin,"堂（表）兄弟，堂（表）姐妹",n.,"初中",B1
10429,cover,"盖子；罩 v. 覆盖，遮盖；掩盖",n.,"初中",A2
10430,cow,"母牛，奶牛",n.,"初中",A1
10431,cozy,"舒适的",adj.,"初中",B1
10432,crash,"/ n. 碰撞，撞击",v.,"初中",A2
10433,crazy,"疯狂的",adj.,"初中",A2
10434,cream,"奶油，乳脂",n.,"初中",A2
10435,create,"创造",v.,"初中",B1
10436,creative,"有创造力的",adj.,"初中",B1
10437,criticize,"批评",v.,"初中",B1
10438,crop,"庄稼；收成",n.,"初中",A2
10439,cross,"脾气不好的，易怒的 n. 十字形的东西 vt. 越过；穿过",a.,"初中",A2
10440,crossing,"十字路口，人行横道",n.,"初中",B2
10441,crowd,"人群 vt. 拥挤，群聚",n.,"初中",A2
10442,cry,"叫喊；哭声 v. 喊叫；哭",n.,"初中",A1
10443,culture,"文化",n.,"初中",B1
10444,cup,"茶杯",n.,"初中",A1
10445,cupboard,"碗柜；橱柜",n.,"初中",B2
10446,curtain,"窗帘",n.,"初中",B1
10447,cushion,"垫子",n.,"初中",B1
10448,custom,"习俗",n.,"初中",B1
10449,customs,"海关",n.,"初中",B1
10450,"cut (cut, cut)","切，剪，削，割",v.,"初中",B2
10451,daily,"每日的；日常的 ad. 每天 n. 日报",a.,"初中",A2
10452,damage,"损坏",v.,"初中",B1
10453,dance,"n.& vi. 跳舞","","初中",A2
10454,danger,"危险",n.,"初中",A2
10455,dangerous,"危险的",a.,"初中",B2
10456,dare,"v.& aux. 敢，敢于","","初中",A2
10457,dark,"黑暗；暗处；日暮 a. 黑暗的；暗淡的；深色的",n.,"初中",A2
10458,darken,"使变暗",v.,"初中",B1
10459,date,"日期；约会 n.枣",n.,"初中",A2
10460,daughter,"女儿",n.,"初中",B2
10461,daytime,"白天，白昼",n.,"初中",B1
10462,dead,"死的；无生命的",a.,"初中",A2
10463,deaf,"聋的",a.,"初中",A2
10464,deal,"量，数额；交易",n.,"初中",A2
10465,dear,"int.（表示惊愕）哎呀！唷！a. 亲爱的；贵的","","初中",A2
10466,death,"死",n.,"初中",A2
10467,December,"12月",n.,"初中",B2
10468,decide,"决定；下决心",v.,"初中",B1
10469,decision,"决定；决心",n.,"初中",B2
10470,declare,"宣布",v.,"初中",B1
10471,decorate,"装饰，修饰",vt.,"初中",B2
10472,decrease,"减少",v.,"初中",B1
10473,deep,"深 ad. 深；深厚",a.,"初中",A2
10474,deepen,"加深",v.,"初中",B1
10475,deeply,"深深地",ad.,"初中",B1
10476,deer,"鹿",n.,"初中",A2
10477,definitely,"肯定地",adv.,"初中",B1
10478,delay,"延误",v./n.,"初中",B1
10479,delicious,"美味的，可口的",a.,"初中",B2
10480,delight,"快乐；乐事",n.,"初中",B1
10481,deliver,"递送",v.,"初中",B1
10482,demand,"要求",vt.,"初中",B1
10483,demonstrate,"展示",v.,"初中",B1
10484,deny,"否认",v.,"初中",B1
10485,depart,"离开",v.,"初中",B1
10486,depend,"依靠，依赖，指望；取决于",vi.,"初中",B1
10487,describe,"描写，叙述",vt.,"初中",B2
10488,description,"描述，描写",n.,"初中",B2
10489,desert,"沙漠 vt. 舍弃；遗弃",n.,"初中",B1
10490,deserve,"值得",v.,"初中",B1
10491,design,"设计",v.,"初中",B1
10492,desire,"渴望",v.,"初中",B1
10493,desk,"书桌，写字台",n.,"初中",A2
10494,destination,"目的地",n.,"初中",B1
10495,destroy,"破坏，毁坏",vt.,"初中",B1
10496,detail,"细节",n.,"初中",B1
10497,detective,"侦探",n.,"初中",B2
10498,determination,"决心",n.,"初中",B1
10499,determine,"决定",v.,"初中",B1
10500,develop,"v.（使）发展；开发 vt. 冲洗（照片）","","初中",B1
10501,development,"发展",n.,"初中",B1
10502,devote,"奉献",v.,"初中",B1
10503,diagram,"图表，图样",n.,"初中",B1
10504,dial,"拨（电话号码）",vt.,"初中",A2
10505,dialogue,"对话",n.,"初中",B2
10506,diary,"日记；日记簿",n.,"初中",A2
10507,dictation,"听写",n.,"初中",B2
10508,dictionary,"词典，字典",n.,"初中",B2
10509,die,"死",v.,"初中",A1
10510,difference,"不同",n.,"初中",B2
10511,different,"不同的，有差异的",a.,"初中",B2
10512,difficult,"难；艰难；不易相处的",a.,"初中",B2
10513,difficulty,"困难，费力",n.,"初中",B2
10514,"dig (dug, dug)","挖（洞沟）,掘",v.,"初中",B2
10515,digital,".数字的，数码的",a.,"初中",B1
10516,dim,"昏暗的,暗淡的",a.,"初中",A1
10517,dinner,"正餐，宴会",n.,"初中",B1
10518,dioxide,"二氧化物",n.,"初中",B1
10519,dip,"浸，蘸；把…放入又取出",vt.,"初中",A1
10520,direct,"直接的；直截了当的 vt. 指挥；指导；导演（电影）",a.,"初中",B1
10521,direction,"方向；方位",n.,"初中",B2
10522,director,"所长，处长，主任；董事；导演",n.,"初中",B2
10523,directory,"姓名地址录",n.,"初中",B2
10524,dirt,"污物；脏物",n.,"初中",A2
10525,dirty,"脏的",a.,"初中",A2
10526,disappear,"消失",vi.,"初中",B2
10527,disappoint,"使失望",v.,"初中",B1
10528,disappointment,"失望",n.,"初中",B1
10529,disaster,"灾难",n.,"初中",B1
10530,discover,"发现",vt.,"初中",B2
10531,discovery,"发现",n.,"初中",B2
10532,discuss,"讨论，议论",vt.,"初中",B1
10533,discussion,"讨论，辩论",n.,"初中",B2
10534,disease,"病，疾病",n.,"初中",B1
10535,dish,"盘，碟；盘装菜；盘形物",n.,"初中",A2
10536,dislike,"不喜欢",v.,"初中",A2
10537,display,"陈列,展览;显露,表现  n. 陈列,展览;展览品,展览品",vt.,"初中",B1
10538,distant,"遥远的",adj.,"初中",B1
10539,distinguish,"区分",v.,"初中",B1
10540,distribute,"分发",v.,"初中",B1
10541,disturb,"扰乱；打扰",vt.,"初中",B1
10542,dive,"跳水",vi.,"初中",A2
10543,divide,"分，划分",vt.,"初中",B1
10544,"do (did, done)","& aux. 做，干",v.,"初中",B2
10545,doctor,"医生，大夫；博士",n.,"初中",B1
10546,dog,"狗",n.,"初中",A1
10547,doll,"玩偶，玩具娃娃",n.,"初中",A2
10548,dollar,"元（美国、加拿大、澳大利亚等国货币单位）",n.,"初中",B1
10549,donate,"捐赠",v.,"初中",B1
10550,donation,"捐赠",n.,"初中",B1
10551,door,"门",n.,"初中",A2
10552,double,"两倍.双的 n. 两个.双",a.,"初中",B1
10553,doubt,"怀疑",v.,"初中",B1
10554,down,"沿着，沿…而下 ad. 向下",prep.,"初中",A2
10555,download,"n.& v. 下载","","初中",B2
10556,downstairs,"在楼下；到楼下",ad.,"初中",B2
10557,downtown,"城市的商业区，中心区，闹市区 a. 商业区的,闹市区的",n.,"初中",B2
10558,dozen,"十二个；几十，许多",n.,"初中",A2
10559,drag,"拖；拽",v.,"初中",A2
10560,dramatic,"戏剧的",adj.,"初中",B1
10561,"draw (drew, drawn)","绘画；绘制；拉，拖；提取（金钱）",v.,"初中",B2
10562,drawer,"抽屉",n.,"初中",B1
10563,drawing,"图画，素描,绘画",n.,"初中",B1
10564,"dream (dreamt, dreamt 或-ed, -ed)","n.& vt. 梦，梦想","","初中",B2
10565,dress,"女服，连衣裙；(统指)服装；童装 v. 穿衣",n.,"初中",A2
10566,drink,"饮料；喝酒 ",n.,"初中",A2
10567,drop,"n.滴 v.掉下,落下,投递,放弃","","初中",A2
10568,drought,"干旱",n.,"初中",B1
10569,drunk,"醉的",a.,"初中",A2
10570,drunken,"醉的",adj.,"初中",B1
10571,dry,"使…干；弄干；擦干 a. 干的；干燥的",v.,"初中",A1
10572,duck,"鸭子",n.,"初中",A2
10573,dumpling,"饺子",n.,"初中",B2
10574,during,"在…期间；在…过程中",prep.,"初中",B1
10575,dusk,"黄昏",n.,"初中",A2
10576,dust,"灰尘，尘土",n.,"初中",A2
10577,dustbin,"垃圾箱",n.,"初中",B1
10578,dusty,"布满灰尘的",adj.,"初中",B1
10579,duty,"责任，义务",n.,"初中",A2
10580,each,"a.& pron. 每人,每个,每件","","初中",A2
10581,early,"早的 ad. 早地",a.,"初中",A2
10582,earn,"赚取",v.,"初中",B1
10583,earphone,"耳机",n.,"初中",A2
10584,earth,"地球；土，泥；大地",n.,"初中",A2
10585,earthen,"土制的",adj.,"初中",B1
10586,earthquake,"地震",n.,"初中",B2
10587,east,"东方；东部的；ad. 在东方；向东方； n. 东，东方；",a.,"初中",A2
10588,easy,"容易的，不费力的",a.,"初中",A2
10589,"eat (ate, eaten)","吃",v.,"初中",B2
10590,economic,"经济的",adj.,"初中",B1
10591,edge,"边缘",n.,"初中",A2
10592,edit,"编辑",v.,"初中",B1
10593,editor,"编辑",n.,"初中",B1
10594,educate,"教育",v.,"初中",B1
10595,education,"教育，培养",n.,"初中",B2
10596,educational,"教育的",adj.,"初中",B1
10597,effect,"效果",n.,"初中",B1
10598,efficient,"高效的",adj.,"初中",B1
10599,egg,"蛋；卵",n.,"初中",A1
10600,Egypt,"埃及",n.,"初中",A2
10601,Egyptian,"埃及的；埃及人的；埃及语的 n. 埃及人",a.,"初中",B2
10602,eight,"八",num.,"初中",A2
10603,eighteen,"十八",num.,"初中",B2
10604,eighth,"第八",num.,"初中",B1
10605,eighty,"八十",num.,"初中",B1
10606,either,"两方任一方的；二者之一 conj. 二者之一；要么 ad. 也",a.,"初中",B1
10607,elder,"长者；前辈",n.,"初中",A2
10608,electric,"电的",adj.,"初中",A2
10609,electricity,"电；电流",n.,"初中",B2
10610,electronic,"电子的",adj.,"初中",B1
10611,elementary,"基本的",adj.,"初中",B1
10612,elephant,"象",n.,"初中",B2
10613,elevator,"电梯,升降梯",n.,"初中",B2
10614,eleven,"十一",num.,"初中",B1
10615,else,"别的，其他的",ad.,"初中",A2
10616,email,"电子邮件",n.,"初中",A2
10617,embarrass,"使尴尬",v.,"初中",B1
10618,emergency,"紧急情况",n.,"初中",B1
10619,employment,"雇佣",n.,"初中",B1
10620,empty,"空的",a.,"初中",A2
10621,enable,"使能够",v.,"初中",B1
10622,encourage,"鼓励",vt.,"初中",B2
10623,encouragement,"鼓励",n.,"初中",B1
10624,end,"末尾；终点；结束 v. 结束，终止",n.,"初中",A1
10625,endanger,"使危险",v.,"初中",B1
10626,endless,"无尽的",adj.,"初中",B1
10627,enemy,"敌人；敌军",n.,"初中",A2
10628,energetic,"精力充沛的",adj.,"初中",B1
10629,energy,"能量",n.,"初中",B1
10630,enforce,"实施",v.,"初中",B1
10631,engage,"从事",v.,"初中",B1
10632,engineer,"工程师；技师",n.,"初中",B2
10633,England,"英格兰",n.,"初中",B1
10634,English,"英国的，英国人的，英语的 n. 英语",a.,"初中",B1
10635,enhance,"增强",v.,"初中",B1
10636,enjoy,"欣赏；享受乐趣；喜欢",vt.,"初中",A2
10637,enjoyable,"愉快的；有趣的",a.,"初中",B2
10638,enlarge,"扩大",v.,"初中",B1
10639,enlighten,"启发",v.,"初中",B1
10640,enough,"足够；充足 a. 足够；充分的 ad. 足够地；充分地",n.,"初中",B1
10641,enquire,"询问",v.,"初中",B1
10642,enrich,"使丰富",v.,"初中",B1
10643,enroll,"注册",v.,"初中",B1
10644,ensure,"确保",v.,"初中",B1
10645,enter,"进入",vt.,"初中",A2
10646,entertain,"娱乐",v.,"初中",B1
10647,entertainment,"娱乐",n.,"初中",B1
10648,enthusiastic,"热情的",adj.,"初中",B1
10649,entitle,"给……权利",v.,"初中",B1
10650,entrance,"入口;入场;进入的权利;入学许可",n.,"初中",B2
10651,entry,"进入",n.,"初中",A2
10652,envelope,"信封",n.,"初中",B2
10653,environment,"环境",n.,"初中",B1
10654,envy,"vt.& n. 忌妒； 羡慕","","初中",A2
10655,equal,"平等的 vt. 等于，使等于",a.,"初中",A2
10656,equality,"平等",n.,"初中",B2
10657,equip,"提供设备；装备；配备",vt.,"初中",A2
10658,equipment,"装备，设备",n.,"初中",B2
10659,eraser,"橡皮擦；黑板擦",n.,"初中",B1
10660,error,"错误；差错",n.,"初中",A2
10661,escape,"n.& vi. 逃跑；逃脱","","初中",B1
10662,especially,"特别，尤其",ad.,"初中",B2
10663,essay,"散文；文章；随笔",n.,"初中",A2
10664,establish,"建立",v.,"初中",B1
10665,Europe,"欧洲",n.,"初中",B1
10666,European,"欧洲的，欧洲人的 n. 欧洲人",a.,"初中",B2
10667,evaluate,"评估",v.,"初中",B1
10668,even,"甚至，连（…都）；更",ad.,"初中",A2
10669,evening,"傍晚，晚上",n.,"初中",B1
10670,event,"事件，大事",n.,"初中",A2
10671,ever,"曾经；无论何时",ad.,"初中",A2
10672,every,"每一，每个的",a.,"初中",A2
10673,everybody,"每人，人人",pron.,"初中",B2
10674,everyday,"每日的；日常的",a.,"初中",B2
10675,everyone,"每人，人人",pron.,"初中",B2
10676,everything,"每件事，事事",pron.,"初中",B2
10677,everywhere,"到处",ad.,"初中",B2
10678,evidence,"证据",n.,"初中",B1
10679,exact,"精确的；确切的",a.,"初中",A2
10680,exactly,"精确地；确切地",ad.,"初中",B1
10681,"exam = examination","考试，测试；检查；审查",n.,"初中",B2
10682,examination,"考试",n.,"初中",B1
10683,examine,"检查；诊察",vt.,"初中",B1
10684,example,"例子；榜样",n.,"初中",B1
10685,excellent,"极好的，优秀的",a.,"初中",B2
10686,except,"除…之外",prep.,"初中",B1
10687,exchange,"交换",v./n.,"初中",B1
10688,excite,"使兴奋，使激动",vt.,"初中",B1
10689,excuse,"借口,辩解 vt. 原谅,宽恕",n.,"初中",B1
10690,exercise,"锻炼，做操；练习，习题 vi. 锻炼",n.,"初中",B2
10691,exhibit,"展览",v.,"初中",B1
10692,exhibition,"展览；展览会",n.,"初中",B2
10693,exist,"存在",vi.,"初中",A2
10694,expand,"扩展",v.,"初中",B1
10695,expect,"预料；盼望；认为",vt.,"初中",B1
10696,expensive,"昂贵的",a.,"初中",B2
10697,experience,"经验；经历",n.,"初中",B2
10698,experiment,"实验",n.,"初中",B2
10699,expert,"专家，能手",n.,"初中",B1
10700,explain,"解释，说明",vt.,"初中",B1
10701,explanation,"解释",n.,"初中",B1
10702,explode,"爆炸",v.,"初中",B1
10703,explore,"探索",v.,"初中",B1
10704,export,"出口",v.,"初中",B1
10705,express,"表达；表示；表情 n. 快车，特快专递",vt.,"初中",B1
10706,extend,"延长",v.,"初中",B1
10707,extremely,"极其",adv.,"初中",B1
10708,eye,"眼睛",n.,"初中",A1
10709,face,"脸 vt. 面向；面对",n.,"初中",A2
10710,fact,"事实，现实",n.,"初中",A2
10711,factory,"工厂",n.,"初中",B1
10712,fail,"失败；不及格；衰退",v.,"初中",A2
10713,faithful,"忠诚的",adj.,"初中",B1
10714,fame,"名声,名望,名誉",n.,"初中",A2
10715,family,"家庭；家族；子女",n.,"初中",B1
10716,fan,"n.（电影、运动等的）迷；热心的爱好者（支持者） n. 风扇","","初中",A1
10717,fantastic,"极好的",adj.,"初中",A2
10718,far,"(farther, farthest 或further , furthest) a.& ad. 远的；远地","","初中",A1
10719,farm,"农场；农庄",n.,"初中",A2
10720,farmer,"农民",n.,"初中",B1
10721,farming,"农业,务农",n.,"初中",B1
10722,farmland,"农田",n.,"初中",B2
10723,farther,"a./ad. (far的比较级形式之一)较远,更远","","初中",B1
10724,farthest,"a./ad. (far的最高级形式之一)最远","","初中",B2
10725,fascinate,"使着迷",v.,"初中",B1
10726,fashionable,"时尚的",adj.,"初中",B1
10727,fast,"快的，迅速的；紧密的 ad. 快地，迅速地；紧密地",a.,"初中",A2
10728,fasten,"扎牢；扣住",vt.,"初中",B1
10729,fat,"脂肪 a. 胖的；肥的",n.,"初中",A1
10730,father,"父亲",n.,"初中",B1
10731,favor,"偏爱",v.,"初中",B1
10732,favour,"(美favor) n. 恩惠；好意；帮助","","初中",B1
10733,favourite,"(美 favorite) a. 喜爱的 n. 特别喜爱的人（或物）","","初中",B2
10734,fax,"传真",n.,"初中",A1
10735,fear,"害怕；恐惧； 担忧",n.,"初中",A2
10736,feather,"羽毛",n.,"初中",B1
10737,February,"2月",n.,"初中",B2
10738,federal,"中央的,（政府）联邦的",a.,"初中",B1
10739,fee,"费，费用",n.,"初中",A1
10740,"feed (fed, fed)","喂（养）；饲（养）",vt.,"初中",B2
10741,feel,"感觉",v.,"初中",A2
10742,"feel (felt, felt)","v.& link 感觉，觉得；摸，触","","初中",B2
10743,feeling,"感情；感觉",n.,"初中",B1
10744,fence,"栅栏；围栏；篱笆",n.,"初中",A2
10745,festival,"节日",n.,"初中",B2
10746,fetch,"去取来",v.,"初中",B1
10747,fever,"发烧；发热",n.,"初中",A2
10748,few,"不多;少数;不多的;少数的",pron.,"初中",A1
10749,field,"田地;牧场;场地",n.,"初中",A2
10750,fifteen,"十五",num.,"初中",B1
10751,fifth,"第五",num.,"初中",A2
10752,fifty,"五十",num.,"初中",A2
10753,fight,"(fought, fought) n./v. 打仗（架），与…打仗（架）","","初中",A2
10754,fill,"填空，装满",vt.,"初中",A2
10755,film,"电影；影片；胶卷",n.,"初中",A2
10756,final,"最后的；终极的",a.,"初中",A2
10757,finally,"最后",adv.,"初中",A2
10758,find,"(found, found) vt. 找到，发现，感到","","初中",A2
10759,fine,"晴朗的；美好的；（身体）健康的",a.,"初中",A2
10760,finger,"手指",n.,"初中",B1
10761,finish,"结束；做完",v.,"初中",B1
10762,fire,"火；火炉；火灾 vi. 开火,射击,解雇",n.,"初中",A2
10763,fireplace,"壁炉",n.,"初中",B2
10764,first,"第一 a.& ad. 第一；首次；最初 n. 开始；开端",num.,"初中",A2
10765,fish,"鱼；鱼肉 vi. 钓鱼；捕鱼",n.,"初中",A2
10766,fisherman,"渔民；钓鱼健身者",n.,"初中",B2
10767,fit,"健康的,适合的 v.（使）适合,安装",a.,"初中",A1
10768,five,"五",num.,"初中",A2
10769,fix,"修理；安装；确定，决定",vt.,"初中",A1
10770,flag,"旗；标志；旗舰",n.,"初中",A2
10771,flatten,"使变平",v.,"初中",B1
10772,flexible,"灵活的",adj.,"初中",B1
10773,flight,"航班,飞行",n.,"初中",B1
10774,flood,"洪水 vt. 淹没，使泛滥",n.,"初中",A2
10775,floor,"地面，地板.（楼房的）层",n.,"初中",A2
10776,flower,"花",n.,"初中",B1
10777,"fly (flew, flown)","飞；飞行；飘动 vt. 放（风筝、飞机模型等）n. 苍蝇",vi.,"初中",B2
10778,focus,"/ n. 集中（注意力，精力）于，焦点，中心点",v.,"初中",A2
10779,fog,"雾",n.,"初中",A1
10780,foggy,"多雾的",a.,"初中",A2
10781,fold,"折叠",v.,"初中",B1
10782,follow,"跟随；仿效；跟得上",vt.,"初中",B1
10783,following,"接着的；以下的",a.,"初中",B2
10784,fond,"喜爱的，爱好的",a.,"初中",A2
10785,food,"食物，食品",n.,"初中",A2
10786,fool,"傻子，蠢人",n.,"初中",A2
10787,foolish,"愚蠢的，傻的",a.,"初中",B1
10788,"foot (复feet)","足，脚；英尺",n.,"初中",B2
10789,for,"为了…；因为…；对于…；对…来说 conj. 因为，由于",prep.,"初中",A1
10790,forbid,"禁止",v.,"初中",B1
10791,forbidden,"被禁止的",adj.,"初中",B1
10792,foreign,"外国的",a.,"初中",B1
10793,foreigner,"外国人",n.,"初中",B2
10794,forest,"森林",n.,"初中",B1
10795,forever,"永远；永恒的",ad.,"初中",B1
10796,"forget (forgot, forgotten)","忘记；忘掉",v.,"初中",B2
10797,forgetful,"健忘的，不留心的",a.,"初中",B2
10798,forgive,"原谅",v.,"初中",B1
10799,forgotten,"被遗忘的",adj.,"初中",B1
10800,fork,"叉，餐叉",n.,"初中",A2
10801,form,"表格；形式；结构",n.,"初中",A2
10802,forth,"向前,往外",n.,"初中",A2
10803,forty,"四十",num.,"初中",A2
10804,found,"成立，建立",vt.,"初中",A2
10805,foundation,"基础;基本原理,根据,基金会;建立,创办",n.,"初中",B2
10806,fountain,"喷泉",n.,"初中",B2
10807,four,"四",num.,"初中",A2
10808,fourteen,"十四",num.,"初中",B2
10809,fourth,"第四",num.,"初中",B1
10810,fox,"狐狸",n.,"初中",A1
10811,France,"法国",n.,"初中",B1
10812,free,"自由，空闲的；免费的",a.,"初中",A2
10813,freeze,"(froze, frozen) vi. 结冰","","初中",B1
10814,French,"法语 a. 法国的；法国人的；法语的",n.,"初中",B1
10815,Frenchman,"(复 Frenchmen) n. 法国人（男）","","初中",B2
10816,frequent,"频繁的",adj.,"初中",B1
10817,frequently,"频繁地",adv.,"初中",B1
10818,fresh,"新鲜的",a.,"初中",A2
10819,Friday,"星期五",n.,"初中",B1
10820,"fridge =refrigerator","冰箱",n.,"初中",B2
10821,friend,"朋友",n.,"初中",B1
10822,friendly,"友好的",a.,"初中",B2
10823,friendship,"友谊，友情",n.,"初中",B2
10824,frighten,"使惊恐，吓唬",vt.,"初中",B2
10825,from,"从,从…起,来自",prep.,"初中",A2
10826,front,"前面的；前部的 n. 前面；前部；前线",a.,"初中",A2
10827,frozen,"冷冻的",adj.,"初中",B1
10828,fruit,"水果；果实",n.,"初中",A2
10829,"fruit juice","果汁",n.,"初中",B2
10830,frustrate,"使沮丧",v.,"初中",B1
10831,fry,"用油煎；用油炸",vt.,"初中",A1
10832,fulfill,"完成",v.,"初中",B1
10833,full,"满的，充满的；完全的",a.,"初中",A2
10834,fun,"有趣的事，娱乐，玩笑",n.,"初中",A1
10835,funny,"有趣的，滑稽可笑的",a.,"初中",A2
10836,fur,"毛皮；皮子",n.,"初中",A1
10837,furnish,"布置",v.,"初中",B1
10838,furry,"毛茸茸的",adj.,"初中",B1
10839,further,"a./ad. (far的比较级形式之一)较远,更远","","初中",B1
10840,future,"将来、未来",n.,"初中",B1
10841,gain,"获得",v.,"初中",B1
10842,game,"游戏；运动；比赛",n.,"初中",A2
10843,garden,"花园，果园，菜园",n.,"初中",B1
10844,gate,"大门",n.,"初中",A2
10845,gather,"聚集",v.,"初中",B1
10846,general,"大体，笼统的，总的",a.,"初中",B1
10847,generally,"通常",adv.,"初中",B1
10848,generate,"产生",v.,"初中",B1
10849,generation,"代，一代",n.,"初中",B2
10850,generous,"慷慨大方的",a.,"初中",B2
10851,geography,"地理学",n.,"初中",B2
10852,geometry,"几何学",n.,"初中",B2
10853,German,"德国的，德国人的，德语的 n. 德国人，德语",a.,"初中",B1
10854,Germany,"德国",n.,"初中",B1
10855,"get (got , got)","成为；得到；具有；到达",vt.,"初中",B2
10856,gift,"赠品；礼物",n.,"初中",A2
10857,girl,"女孩",n.,"初中",A2
10858,"give (gave, given)","给,递给,付出,给予",vt.,"初中",B2
10859,glad,"高兴的；乐意的",a.,"初中",A2
10860,glance,"扫视",v.,"初中",B1
10861,glass,"玻璃杯,玻璃；(复)眼镜",n.,"初中",A2
10862,global,"全球的",adj.,"初中",B1
10863,glove,"手套",n.,"初中",A2
10864,"go (went, gone)","去；走；驶；通到；到达 n. 尝试（做某事）",vi.,"初中",B2
10865,goal,"目标",n.,"初中",A2
10866,goat,"山羊",n.,"初中",A2
10867,gold,"黄金 a 金的，黄金的",n.,"初中",A2
10868,golden,"金的",adj.,"初中",B1
10869,golf,"高尔夫球",n.,"初中",A2
10870,"good (better,best)","好；良好",a.,"初中",B2
10871,good-bye,"再见；再会",int.,"初中",B2
10872,goodness,"善良，美德",n.,"初中",B2
10873,"goose (复 geese)","鹅",n.,"初中",B2
10874,government,"政府",n.,"初中",B2
10875,graceful,"优雅的",adj.,"初中",B1
10876,grade,"等级（中小学的）；学年；成绩，分数",n.,"初中",A2
10877,gradually,"逐渐地",ad.,"初中",B2
10878,graduate,"毕业",v.,"初中",B2
10879,graduation,"毕业",n.,"初中",B1
10880,grammar,"语法",n.,"初中",B1
10881,grand,"宏伟的",a.,"初中",A2
10882,grandchild,"(外)孙或孙女,孙辈",n.,"初中",B2
10883,"grandma = grandmother","奶奶；外婆",n.,"初中",B2
10884,"grandpa = grandfather","爷爷,外公",n.,"初中",B2
10885,grandparents,"祖父母,外祖父母",n.,"初中",B2
10886,granny,"老奶奶；祖母；外婆",n.,"初中",B1
10887,grape,"葡萄",n.,"初中",A2
10888,grass,"草；草场；牧草",n.,"初中",A2
10889,grateful,"感激的，感谢的",a.,"初中",B2
10890,greasy,"油腻的",adj.,"初中",B1
10891,great,"伟大的,重要的,好极了 ad.（口语）好极了，很好",a.,"初中",A2
10892,Greece,"希腊",n.,"初中",B1
10893,green,"绿色的；青的 n. 绿色",a.,"初中",A2
10894,greet,"问候；向…致敬",vt.,"初中",A2
10895,"grey / gray","灰色的；灰白的",a.,"初中",B2
10896,grill,"烧烤",v.,"初中",B1
10897,group,"组，群",n.,"初中",A2
10898,"grow (grew, grown)","生长；发育；种植；变成",v.,"初中",B2
10899,growth,"生长，增长",n.,"初中",B1
10900,guarantee,"保证",v.,"初中",B1
10901,guess,"猜",vi.,"初中",A2
10902,guest,"客人，宾客",n.,"初中",A2
10903,guide,"向导，导游者",n.,"初中",A2
10904,guilty,"有罪的",adj.,"初中",B1
10905,guitar,"吉他，六弦琴",n.,"初中",B1
10906,habit,"习惯，习性",n.,"初中",A2
10907,hair,"头发",n.,"初中",A2
10908,half,"a.& n. 半，一半，半个","","初中",A2
10909,hall,"大厅,会堂,礼堂;过道",n.,"初中",A2
10910,ham,"火腿",n.,"初中",A1
10911,hamburger,"汉堡包",n.,"初中",B2
10912,hand,"手；指针 v. 递;给;交付;交上",n.,"初中",A2
10913,handbag,"女用皮包，手提包",n.,"初中",B1
10914,handle,"处理",v.,"初中",B1
10915,handwriting,"书法",n.,"初中",B2
10916,hang,"悬挂",v.,"初中",B1
10917,"hang (hung, hung)","悬挂，吊着；把…吊起  hang (hung, hung) 绞死",v.,"初中",B2
10918,happen,"发生",v.,"初中",A2
10919,happily,"幸福地，快乐地",ad.,"初中",B1
10920,happy,"幸福；快乐的，高兴的",a.,"初中",A2
10921,hard,"努力地；猛烈地 a. 硬的；困难的；艰难的",ad.,"初中",A2
10922,harden,"使变硬",v.,"初中",B1
10923,hardly,"几乎不",ad.,"初中",B1
10924,hardware,"硬件",n.,"初中",B1
10925,hardworking,"努力工作的",a.,"初中",B2
10926,harm,"n.&v. 伤害；损伤","","初中",A2
10927,harmful,"有害的",adj.,"初中",B1
10928,harmless,"无害的",adj.,"初中",B1
10929,harvest,"n.& vt. 收割，收获（物）","","初中",B1
10930,hat,"帽子(一般指有边的)；礼帽",n.,"初中",A1
10931,hate,"vt.& n. 恨，讨厌","","初中",A2
10932,"have (has, had, had)","有；吃；喝；进行；经受",vt.,"初中",B2
10933,he,"他",pron.,"初中",A1
10934,head,"头；头脑；首脑；标题 a. 头部的；主要的 v. 率领；驶向",n.,"初中",A2
10935,headache,"头疼",n.,"初中",B2
10936,headmistress,"女校长",n.,"初中",B2
10937,headphone,"耳机",n.,"初中",A2
10938,health,"健康，卫生",n.,"初中",B1
10939,healthy,"健康的，健壮的",a.,"初中",B1
10940,hear,"听见",v.,"初中",A2
10941,"hear (heard, heard)","听见；听说",v.,"初中",B2
10942,hearing,"听力",n.,"初中",B1
10943,heart,"心,心脏,纸牌中的红桃",n.,"初中",A2
10944,heat,"热 vt. 把…加热",n.,"初中",A2
10945,heaven,"天，天空",n.,"初中",B1
10946,heavily,"重地，大量地",ad.,"初中",B1
10947,heavy,"重的",a.,"初中",A2
10948,hello,"喂；你好（表示打招呼，问候或唤起注意）",int.,"初中",A2
10949,help,"& vt. 帮助，帮忙",n.,"初中",A2
10950,helpful,"有帮助的，有益的",a.,"初中",B1
10951,hen,"母鸡",n.,"初中",A1
10952,her,"她(宾格),她的",pron.,"初中",A1
10953,here,"这里，在这里；向这里",ad.,"初中",A2
10954,hero,"英雄，勇士，男主角",n.,"初中",A2
10955,hers,"她的",pron.,"初中",A2
10956,herself,"她自己",pron.,"初中",B1
10957,hesitate,"犹豫",v.,"初中",B1
10958,hey,"嘿！",int.,"初中",A1
10959,hi,"你好（表示打招呼、问候或唤起注意）",int.,"初中",A1
10960,hidden,"隐藏的",adj.,"初中",B1
10961,hide,"隐藏",v.,"初中",B1
10962,"hide (hid, hidden)","把…藏起来，隐藏",v.,"初中",B2
10963,high,"高的;高度的 ad. 高地",a.,"初中",A2
10964,highway,"公路,主要交通道路",n.,"初中",B1
10965,hill,"小山;丘陵;土堆;斜坡",n.,"初中",A2
10966,him,"他（宾格）",pron.,"初中",A1
10967,himself,"他自己",pron.,"初中",B1
10968,his,"他的",pron.,"初中",A1
10969,historic,"历史性的",adj.,"初中",B1
10970,history,"历史，历史学",n.,"初中",B1
10971,"hit (hit, hit)","n.& vt. 打,撞,击中","","初中",B2
10972,hobby,"业余爱好，嗜好",n.,"初中",A2
10973,hold,"握住",v.,"初中",A2
10974,"hold (held, held)","拿；抱；握住；举行；进行",vt.,"初中",B2
10975,hole,"洞，坑",n.,"初中",A2
10976,holiday,"假日；假期",n.,"初中",B1
10977,home,"家 ad. 到家；回家",n.,"初中",A2
10978,homeland,"祖国",n.,"初中",B2
10979,homeless,"无家可归的",adj.,"初中",B1
10980,hometown,"故乡",n.,"初中",B2
10981,homework,"家庭作业",n.,"初中",B2
10982,honest,"诚实的，正直的",a.,"初中",B1
10983,honorable,"光荣的",adj.,"初中",B1
10984,hope,"n.& v. 希望","","初中",A2
10985,hopeful,"有希望的；有前途的",a.,"初中",B1
10986,hopeless,"无望的",adj.,"初中",B1
10987,horrible,"令人恐惧；恐怖的",a.,"初中",B2
10988,horse,"马",n.,"初中",A2
10989,hospital,"医院",n.,"初中",B2
10990,hot,"热的",a.,"初中",A1
10991,hotel,"旅馆，饭店，宾馆",n.,"初中",A2
10992,hour,"小时",n.,"初中",A2
10993,house,"房子；住宅",n.,"初中",A2
10994,housewife,"家庭主妇",n.,"初中",B2
10995,housework,"家务劳动",n.,"初中",B2
10996,how,"怎样,如何；多么",ad.,"初中",A1
10997,however,"可是 conj. 然而，可是，尽管如此",ad.,"初中",B1
10998,hug,"拥抱",v.,"初中",A1
10999,huge,"巨大的，庞大的",a.,"初中",A2
11000,human,"人的，人类的",a.,"初中",A2
11001,hundred,"百",num.,"初中",B1
11002,hunger,"饥饿",n.,"初中",B1
11003,hungry,"饿的",adj.,"初中",A2
11004,hurricane,"飓风",n.,"初中",B1
11005,hurry,"赶快；急忙",vi.,"初中",A2
11006,hurt,"伤害",v.,"初中",A2
11007,"hurt (hurt, hurt)","伤害，受伤；伤人感情",vt.,"初中",B2
11008,husband,"丈夫",n.,"初中",B1
11009,I,"我",pron.,"初中",A1
11010,ice,"冰",n.,"初中",A1
11011,ice-cream,"冰淇淋",n.,"初中",B2
11012,idea,"主意,意见,打算,想法",n.,"初中",A2
11013,identify,"识别",v.,"初中",B1
11014,idiom,"习语，成语",n.,"初中",A2
11015,if,"如果,假使,是否,是不是",conj.,"初中",A1
11016,ill,"有病的；不健康的",a.,"初中",A1
11017,illness,"疾病",n.,"初中",B1
11018,illustrate,"说明",v.,"初中",B1
11019,imagination,"想象力",n.,"初中",B1
11020,imagine,"想像，设想",vt.,"初中",B1
11021,immediately,"立即",ad.,"初中",B2
11022,immigration,"移民",n.,"初中",B1
11023,impact,"影响",n.,"初中",B1
11024,import,"进口",v.,"初中",B1
11025,important,"重要的",a.,"初中",B2
11026,impossible,"不可能的",a.,"初中",B2
11027,improve,"改进，更新",vt.,"初中",B1
11028,improvement,"改善",n.,"初中",B1
11029,in,"在…里(内)；在 ad. 在家，在内，向内",prep.,"初中",A1
11030,inch,"英寸",n.,"初中",A2
11031,incident,"事件",n.,"初中",B1
11032,include,"包含，包括",vt.,"初中",B1
11033,increase,"& n. 增加，繁殖",v.,"初中",B2
11034,indeed,"确实；实在",a.,"初中",B1
11035,independent,"独立的",adj.,"初中",B1
11036,India,"印度",n.,"初中",A2
11037,Indian,"a.（美洲）印地安人的； 印度人的 n. 印地安人；印度人","","初中",B1
11038,influence,"影响",n./v.,"初中",B1
11039,inform,"通知",v.,"初中",B1
11040,information,"信息",n.,"初中",B2
11041,injure,"受伤",v.,"初中",B1
11042,ink,"墨水，油墨",n.,"初中",A1
11043,insect,"昆虫",n.,"初中",B1
11044,inside,"在…里面 ad. 在里面",prep.,"初中",B1
11045,insist,"坚持；坚决认为",vi.,"初中",B1
11046,inspect,"检查；检验；审视",vt.,"初中",B1
11047,inspire,"激励",v.,"初中",B1
11048,install,"安装",v.,"初中",B1
11049,instant,"立即的",adj.,"初中",B1
11050,instruct,"通知；指示；教",vt.,"初中",B2
11051,instruction,"说明,须知;教导",n.,"初中",B2
11052,intelligent,"聪明的",adj.,"初中",B1
11053,intend,"打算",v.,"初中",B1
11054,interest,"兴趣，趣味;利息",n.,"初中",B2
11055,interesting,"有趣的",a.,"初中",B2
11056,international,"国际的",a.,"初中",B2
11057,internet,"互联网，英特网",n.,"初中",B2
11058,interrupt,"打断",v.,"初中",B1
11059,interview,"采访；面试",n./v.,"初中",B1
11060,into,"到…里;向内；变成",prep.,"初中",A2
11061,introduce,"介绍",vt.,"初中",B2
11062,introduction,"介绍",n.,"初中",A2
11063,invent,"发明，创造",vt.,"初中",B1
11064,invention,"发明，创造",n.,"初中",B2
11065,inventor,"发明者，创造者",n.,"初中",B2
11066,investigate,"调查",v.,"初中",B1
11067,invisible,"看不见的",adj.,"初中",B1
11068,invitation,"邀请",n.,"初中",A2
11069,invite,"邀请，招待",vt.,"初中",B1
11070,involve,"涉及",v.,"初中",B1
11071,is,"是",v.,"初中",A1
11072,island,"岛",n.,"初中",B1
11073,it,"它",pron.,"初中",A1
11074,its,"它的",pron.,"初中",A1
11075,itself,"它自己",pron.,"初中",B1
11076,jacket,"短上衣，夹克衫",n.,"初中",B1
11077,jam,"果酱；阻塞",n.,"初中",A1
11078,January,"1月",n.,"初中",B1
11079,Japan,"日本",n.,"初中",A2
11080,Japanese,"日本的，日本人的，日语的 n. 日本人，日语",a.,"初中",B2
11081,jeep,"吉普车",n.,"初中",A2
11082,job,"（一份）工作",n.,"初中",A1
11083,join,"参加,加入;连接;会合",v.,"初中",A2
11084,joke,"笑话",n.,"初中",A2
11085,journalist,"记者，新闻工作者",n.,"初中",B2
11086,journey,"旅行，路程",n.,"初中",B1
11087,joy,"欢乐，高兴，乐趣",n.,"初中",A1
11088,joyful,"快乐的",adj.,"初中",B1
11089,judge,"裁判；审判员；法官 vt. 判断，断定",n.,"初中",A2
11090,judgment,"判断",n.,"初中",B1
11091,juice,"汁、液",n.,"初中",A2
11092,juicy,"多汁的",adj.,"初中",B1
11093,July,"7月",n.,"初中",A2
11094,jump,"跳跃；跳变 v. 跳跃；惊起；猛扑",n.,"初中",A2
11095,June,"6月",n.,"初中",A2
11096,jungle,"丛林，密林",n.,"初中",B1
11097,junior,"初级的；年少的",a.,"初中",B1
11098,just,"刚才；恰好；不过；仅 a. 公正的",ad.,"初中",A2
11099,kangaroo,"大袋鼠",n.,"初中",B2
11100,keep,"保持",v.,"初中",A2
11101,"keep (kept, kept)","保持；保存；继续不断 vt. 培育，饲养",v.,"初中",B2
11102,key,"钥匙;答案;键;关键",n.,"初中",A1
11103,keyboard,"键盘",n.,"初中",B2
11104,kick,"v.& n. 踢","","初中",A2
11105,kid,"小孩",n.,"初中",A1
11106,kill,"杀死，弄死",v.,"初中",A2
11107,kilo,"千克；千米",n.,"初中",A2
11108,kilogram,"千克",n.,"初中",B2
11109,kilometre,"千米（公里）",n.,"初中",B2
11110,kind,"种;类 a. 善良,友好的",n.,"初中",A2
11111,kind-hearted,"好心的",a.,"初中",B2
11112,king,"国王",n.,"初中",A2
11113,kingdom,"王国",n.,"初中",B1
11114,kiss,"n.& vt. 吻，亲吻","","初中",A2
11115,kitchen,"厨房",n.,"初中",B1
11116,kite,"风筝",n.,"初中",A2
11117,knee,"膝盖",n.,"初中",A2
11118,knife,"(复 knives) n. 小刀;匕首;刀片","","初中",A2
11119,knock,"n.& v. 敲；打；击 ","","初中",A2
11120,"know(knew,known)","知道，了解；认识；懂得",v.,"初中",B2
11121,knowledge,"知识，学问",n.,"初中",B2
11122,ladder,**,n.,"初中",B1
11123,lady,"女士，夫人",n.,"初中",A2
11124,lake,"湖",n.,"初中",A2
11125,lamp,"灯，油灯；光源",n.,"初中",A2
11126,land,"陆地,土地 v. 登岸(陆)降落",n.,"初中",A2
11127,language,"语言",n.,"初中",B2
11128,lap,"(人坐时)膝部,(跑道的)一圈",n.,"初中",A1
11129,laptop,"笔记本电脑",n.,"初中",A2
11130,large,"大的；巨大的",a.,"初中",A2
11131,last,"最后的 ad. 最后地 n. 最后 v. 持续",a.,"初中",A2
11132,late,"晚的,迟的 ad. 晚地,迟地",a.,"初中",A2
11133,lately,"最近，不久前",ad.,"初中",B1
11134,later,"晚些的，迟些的",a.,"初中",A2
11135,laugh,"n.& v. 笑，大笑；嘲笑","","初中",A2
11136,law,"法律，法令；定律",n.,"初中",A1
11137,"lay (laid, laid)","放，搁",vt.,"初中",B2
11138,lazy,"懒惰的",a.,"初中",A2
11139,"lead (led, led)","领导，带领 n. 铅",v.,"初中",B2
11140,leader,"领袖，领导人",n.,"初中",B1
11141,"leaf (复 leaves)","（树，菜）叶",n.,"初中",B2
11142,league,"联盟，社团",n.,"初中",B1
11143,"learn (learnt, learnt；-ed -ed)","学，学习，学会",vt.,"初中",B2
11144,least,"最少，最少量",n.,"初中",A2
11145,leather,"皮革",n.,"初中",B1
11146,"leave (left, left)","离开;把…留下，剩下",v.,"初中",B2
11147,left,"左边的 ad. 向左 n. 左,左边",a.,"初中",A2
11148,leg,"腿；腿脚；支柱",n.,"初中",A1
11149,lend,"借出",v.,"初中",B1
11150,"lend (lent, lent)","借(出),把…借给",vt.,"初中",B2
11151,lessen,"减少",v.,"初中",B1
11152,lesson,"课；功课；教训",n.,"初中",B1
11153,"less（little的比较级）","a.& ad. 少于,小于","","初中",B2
11154,"let (let, let)","让",vt.,"初中",B2
11155,letter,"信；字母",n.,"初中",B1
11156,level,"水平",n.,"初中",A2
11157,librarian,"图书管理员；（西方的）图书馆馆长",n.,"初中",B2
11158,library,"图书馆，图书室",n.,"初中",B1
11159,license,"执照，许可证",n.,"初中",B1
11160,"lie (lay, lain)","躺;卧;平放;位于n.& vi.(lied,lied) 说谎",v.,"初中",B2
11161,"life (复lives)","生命；生涯；生活；人生；生物",n.,"初中",B2
11162,lifetime,"一生，终生",n.,"初中",B2
11163,lift,"举起，抬起；（云、烟等）消散 n. （英）电梯",v.,"初中",A2
11164,light,"光，光亮；灯，灯光 vt. 点（火），点燃 a. 明亮的；轻的；浅色的",n.,"初中",A2
11165,like,"像，跟…一样 vt. 喜欢，喜爱",prep.,"初中",A2
11166,limit,"限制",v.,"初中",B1
11167,line,"绳索，线，排，行，线路 v. 画线于，（使）成行",n.,"初中",A2
11168,lion,"狮子",n.,"初中",A2
11169,lip,"嘴唇",n.,"初中",A1
11170,list,"一览表，清单",n.,"初中",A2
11171,listen,"听,仔细听",vi.,"初中",B1
11172,litter,"乱丢杂物",v.,"初中",B1
11173,"little (less, least)","小的,少的 ad. 很少地, 稍许 n. 没有多少",a.,"初中",B2
11174,live,"生活;居住;活着 a. 活的,活着的;现场（直播）的",vi.,"初中",A2
11175,lively,"活泼的;充满生气的",a.,"初中",B1
11176,living,"活着的 n. 生计",a.,"初中",B1
11177,load,"装载",v.,"初中",B1
11178,local,"当地的",adj.,"初中",B1
11179,location,"位置",n.,"初中",B1
11180,lock,"锁 vt. 锁，锁上",n.,"初中",A2
11181,London,"伦敦",n.,"初中",B1
11182,lonely,"孤独的，寂寞的",a.,"初中",B1
11183,long,"长的，远 ad. 长久",a.,"初中",A2
11184,look,"看，瞧 v. 看，观看 v. link 看起来",n.,"初中",A2
11185,loosen,"使松动",v.,"初中",B1
11186,lose,"丢失",v.,"初中",A2
11187,"lose (lost, lost)","失去，丢失",vt.,"初中",B2
11188,lot,"许多，好些",n.,"初中",A1
11189,loud,"大声的",a.,"初中",A2
11190,loudly,"大声地",ad.,"初中",B1
11191,loudspeaker,"扬声器，喇叭",n.,"初中",B2
11192,love,"n.& vt. 爱；热爱;很喜欢","","初中",A2
11193,lovely,"美好的，可爱的",a.,"初中",B1
11194,low,"a.& ad. 低；矮","","初中",A1
11195,luck,"运气，好运",n.,"初中",A2
11196,lucky,"运气好，侥幸",a.,"初中",A2
11197,luggage,"行李",n.,"初中",A2
11198,lunch,"午餐，午饭",n.,"初中",A2
11199,machine,"机器",n.,"初中",B1
11200,"madam/ madame","夫人,女士",n.,"初中",B2
11201,magazine,"杂志",n.,"初中",B2
11202,magic,"有魔力的",a.,"初中",A2
11203,magnetic,"磁的",adj.,"初中",B1
11204,mail,"邮政,邮递 v. (美)邮寄",n.,"初中",A2
11205,main,"主要的",a.,"初中",A2
11206,mainland,"大陆",n.,"初中",B2
11207,majority,"大多数",n.,"初中",B1
11208,"make (made,made)","制造,做;使得",vt.,"初中",B2
11209,"man (复men)","成年男人;人类",n.,"初中",B2
11210,man-made,"人造的，人工的",a.,"初中",B2
11211,manage,"管理；设法对付",v.,"初中",B1
11212,management,"管理",n.,"初中",B1
11213,manager,"经理",n.,"初中",B1
11214,manner,"方式；礼貌",n.,"初中",B1
11215,manufacture,"制造",v.,"初中",B1
11216,"many (more, most)","许多人（或物）a. 许多的",pron.,"初中",B2
11217,map,"地图",n.,"初中",A1
11218,March,"3月",n.,"初中",A2
11219,mark,"标记 vt. 标明,作记号于",n.,"初中",A2
11220,market,"市场，集市",n.,"初中",B1
11221,match,"使相配，使成对 n. 比赛，竞赛 n. 火柴",vt.,"初中",A2
11222,"mathematics =math / maths","n.（常作单数用）数学, (英美口语) 数学","","初中",B2
11223,matter,"要紧事，要紧, 事情；问题 vi. 要紧，有重大关系",n.,"初中",B1
11224,May,"5月",n.,"初中",A1
11225,maybe,"可能，大概，也许",ad.,"初中",A2
11226,me,"我（宾格）",pron.,"初中",A1
11227,meal,"一餐（饭） ",n.,"初中",A2
11228,"mean(meant,meant)","意思,意指",vt.,"初中",B2
11229,meaning,"意思，含意",n.,"初中",B1
11230,meaningful,"有意义的",adj.,"初中",B1
11231,means,"方法，手段；财产",n.,"初中",A2
11232,measurement,"测量",n.,"初中",B1
11233,media,"媒体",n.,"初中",B1
11234,"meet (met, met)","vt./ n. 遇见，见到 会；集会","","初中",B2
11235,meeting,"会,集会,会见,汇合点",n.,"初中",B1
11236,melt,"融化",v.,"初中",B1
11237,member,"成员，会员",n.,"初中",B1
11238,memory,"回忆，记忆",n.,"初中",B1
11239,mend,"修理，修补",v.,"初中",A2
11240,mention,"提及；记载 vt. 提到，说起",n.,"初中",B1
11241,menu,"菜单",n.,"初中",A2
11242,merry,"高兴的，愉快的",a.,"初中",A2
11243,message,"消息，音信",n.,"初中",B1
11244,messy,"凌乱的",adj.,"初中",B1
11245,metal,"金属 a. 金属制成的",n.,"初中",A2
11246,"metre (美meter)","米，公尺",n.,"初中",B2
11247,microphone,"麦克风",n.,"初中",B1
11248,mid-autumn,"中秋",n.,"初中",B2
11249,middle,"中间;当中;中级的",n.,"初中",B1
11250,"Middle East","中东",n.,"初中",B2
11251,midnight,"午夜",n.,"初中",B2
11252,might,"aux. (may的过去式，助动词) 可能，也许，或许",v.,"初中",A2
11253,mild,"温和,暖和的,凉爽的",a.,"初中",A2
11254,mile,"英里",n.,"初中",A2
11255,milk,"牛奶 vt. 挤奶",n.,"初中",A2
11256,million,"百万 n. 百万个（人或物）",num.,"初中",B1
11257,mind,"思想,想法 v.介意,关心",n.,"初中",A2
11258,mine,"矿藏,矿山 vt. 开采(矿物)  pron. 我的",n.,"初中",A2
11259,minibus,"小型公共汽车",n.,"初中",B1
11260,minority,"少数",n.,"初中",B1
11261,minus,"& a.负的，减去的",prep.,"初中",A2
11262,minute,"分钟;一会儿，瞬间",n.,"初中",B1
11263,mirror,"镜子",n.,"初中",B1
11264,miss,"失去，错过，缺",vt.,"初中",A2
11265,Miss.,"小姐,女士(称呼未婚妇女)",n.,"初中",A2
11266,mist,"雾",n.,"初中",A2
11267,"mistake (mistook, mistaken)","错误 vt. 弄错",n.,"初中",B2
11268,mistaken,"错误的",adj.,"初中",B1
11269,mix,"混合",v.,"初中",A2
11270,mobile,"活动的，可移动的",a.,"初中",B1
11271,model,"模型,原形,范例,模范",n.,"初中",A2
11272,modern,"现代的",a.,"初中",B1
11273,"Mom =Mum","妈妈",n.,"初中",B2
11274,moment,"片刻，瞬间",n.,"初中",B1
11275,"mommy = mummy","妈妈（美）",n.,"初中",B2
11276,Monday,"星期一",n.,"初中",B1
11277,money,"钱；货币",n.,"初中",A2
11278,monkey,"猴子",n.,"初中",B1
11279,month,"月，月份",n.,"初中",A2
11280,monument,"纪念碑，纪念物",n.,"初中",B2
11281,moon,"月球；月光；月状物",n.,"初中",A2
11282,mooncake,"月饼",n.,"初中",B2
11283,morning,"早晨，上午",n.,"初中",B1
11284,"most (much或many的最高级)","& ad. 最多 n. 大部分,大多数",a.,"初中",B2
11285,mother,"母亲",n.,"初中",B1
11286,motivate,"激发",v.,"初中",B1
11287,motor,"发动机，马达",n.,"初中",A2
11288,motorbike,"摩托车",n.,"初中",B2
11289,motorcycle,"摩托车",n.,"初中",B2
11290,mountain(s),"山，山脉",n.,"初中",B2
11291,"mouse (复mice)","鼠，耗子；（计算机）鼠标",n.,"初中",B2
11292,mouth,"嘴，口",n.,"初中",A2
11293,movable,"可移动的",adj.,"初中",B1
11294,move,"移动，搬动，搬家",v.,"初中",A2
11295,movement,"运动，活动",n.,"初中",B2
11296,"Mr. (mister)","先生（用于姓名前）",n.,"初中",B2
11297,"Mrs. (mistress)","夫人, 太太（称呼已婚妇女）",n.,"初中",B2
11298,Ms.,"女士(用在婚姻状况不明的女子姓名前)",n.,"初中",A1
11299,"much (more，most)","a./ ad. 许多，大量，非常，更加","","初中",B2
11300,muddy,"泥泞的",adj.,"初中",B1
11301,multicultural,"多元文化的",adj.,"初中",B1
11302,multiply,"乘；使相乘",vt.,"初中",B2
11303,murder,"谋杀",vt.,"初中",B1
11304,museum,"博物馆，博物院",n.,"初中",B1
11305,music,"音乐，乐曲",n.,"初中",A2
11306,must,"必须,应当;必定是",v.,"初中",A2
11307,mutton,"羊肉",n.,"初中",B1
11308,my,"我的",pron.,"初中",A1
11309,myself,"我自己",pron.,"初中",B1
11310,nail,"钉，钉子",n.,"初中",A2
11311,name,"名字,姓名,名称 vt. 命名,名叫",n.,"初中",A2
11312,narrow,"狭窄的",a.,"初中",B1
11313,nation,"民族，国家",n.,"初中",B1
11314,national,"国家的,全国性的，民族的",a.,"初中",B2
11315,nationality,"国籍",n.,"初中",A2
11316,native,"本国的",adj.,"初中",B1
11317,natural,"自然的",a.,"初中",B1
11318,naturally,"自然地",adv.,"初中",B1
11319,nature,"自然, 性质，种类",n.,"初中",B1
11320,near,"近的 ad. 附近，邻近 prep. 在…附近，靠近",a.,"初中",A2
11321,nearby,"附近的",a.,"初中",B1
11322,nearly,"将近，几乎",ad.,"初中",B1
11323,neat,"整洁的；灵巧的",a.,"初中",A2
11324,necessary,"必需的，必要的",a.,"初中",B2
11325,neck,"颈，脖子",n.,"初中",A2
11326,necklace,"项链",n.,"初中",B2
11327,necktie,"领带，领花",n.,"初中",B1
11328,need,"需要,需求 aux.& v. 需要,必须",n.,"初中",A2
11329,needle,"针",n.,"初中",B1
11330,negotiate,"谈判",v.,"初中",B1
11331,"neighbour (美neighbor)","邻居，邻人",n.,"初中",B2
11332,"neighbourhood (美neighborhood)","四邻；邻近地区",n.,"初中",B2
11333,nervous,"紧张不安的",a.,"初中",B1
11334,nest,"巢；窝",n.,"初中",A2
11335,net,"网",n.,"初中",A1
11336,network,"网络，网状系统",n.,"初中",B1
11337,never,"决不，从来没有",ad.,"初中",A2
11338,new,"新的；新鲜的",a.,"初中",A1
11339,news,"新闻，消息",n.,"初中",A2
11340,newspaper,"报纸",n.,"初中",B2
11341,next,"下一个的,紧挨着的，隔壁的 ad. 随后，然后，下一步",a.,"初中",A2
11342,nice,"令人愉快;好的,漂亮的",a.,"初中",A2
11343,niece,"侄女，甥女",n.,"初中",A2
11344,night,"夜；夜间",n.,"初中",A2
11345,night-club,"夜总会",n.,"初中",B2
11346,nine,"九",num.,"初中",A2
11347,nineteen,"十九",num.,"初中",B2
11348,ninety,"九十",num.,"初中",B1
11349,ninth,"第九",num.,"初中",A2
11350,no,"不,不是 a. 没有,无,不",ad.,"初中",A1
11351,"No.(缩) = number","数字;号码",n.,"初中",B2
11352,nobody,"渺小人物 pron. 没有人，谁也不",n.,"初中",B1
11353,nod,"点头",vi.,"初中",A1
11354,noise,"声音，噪声，喧闹声",n.,"初中",A2
11355,noisily,"喧闹地",ad.,"初中",B1
11356,noisy,"喧闹的，嘈杂的",a.,"初中",A2
11357,none,"无任何东西, 无一人",pron.,"初中",A2
11358,noodle,"面条",n.,"初中",B1
11359,noon,"中午，正午",n.,"初中",A2
11360,nor,"也不",conj.,"初中",A1
11361,normal,"n.& a. 正常的（状态）","","初中",B1
11362,north,"北的;朝北的 ad. 向（在,从）北方 n. 北;北方;北部",a.,"初中",A2
11363,northeast,"东北（部）",n.,"初中",B2
11364,northern,"北方的，北部的",a.,"初中",B2
11365,northwest,"西北",n.,"初中",B2
11366,nose,"鼻子",n.,"初中",A2
11367,not,"不，没",ad.,"初中",A1
11368,note,"便条，笔记，注释；钞票，音调",n.,"初中",A2
11369,notebook,"笔记簿",n.,"初中",B2
11370,nothing,"没有东西,没有什么",n.,"初中",B1
11371,notice,"布告，通告；注意 vt. 注意，注意到",n.,"初中",B1
11372,notify,"通知",v.,"初中",B1
11373,November,"11月",n.,"初中",B2
11374,now,"现在",ad.,"初中",A1
11375,nowadays,"如今",adv.,"初中",B1
11376,nowhere,"任何地方都不,无处",ad.,"初中",B1
11377,number,"数,数字,号码,数量",n.,"初中",B1
11378,nurse,"护士；保姆；保育员",n.,"初中",A2
11379,obey,"服从，顺从，听从",v.,"初中",A2
11380,object,"物，物体；宾语",n.,"初中",B1
11381,observe,"观察",v.,"初中",B1
11382,obtain,"获得",v.,"初中",B1
11383,obviously,"明显地",adv.,"初中",B1
11384,occasion,"场合",n.,"初中",B1
11385,occur,"发生",v.,"初中",B1
11386,ocean,"海洋",n.,"初中",A2
11387,October,"10月",n.,"初中",B1
11388,of,"….的",prep.,"初中",A1
11389,off,"离开,脱离,（走）开",prep.,"初中",A1
11390,offer,"提供",v.,"初中",A2
11391,office,"办公室",n.,"初中",B1
11392,often,"经常，常常",ad.,"初中",A2
11393,oh,"哦！啊！",int.,"初中",A1
11394,oil,"油",n.,"初中",A1
11395,old,"老的，旧的",a.,"初中",A1
11396,"Olympic Games","奥运会",n.,"初中",B2
11397,Olympic(s),"& n. 奥林匹克",a.,"初中",B2
11398,on,"在…上（时），关于 ad. 接通；进行下去；（电灯）开",prep.,"初中",A1
11399,once,"n.& ad. 一次,一度,从前 conj. 一旦","","初中",A2
11400,one,"一（个，只…）",pron.,"初中",A1
11401,oneself,"自己；自身",pron.,"初中",B1
11402,online,"在线",adj./adv.,"初中",A2
11403,only,"惟一的，仅有的 ad. 仅仅，只，才",a.,"初中",A2
11404,onto,"到…的上面",prep.,"初中",A2
11405,open,"开着的,开的 vt. 开,打开",a.,"初中",A2
11406,opera,"歌剧",n.,"初中",A2
11407,operate,"操作",v.,"初中",B1
11408,operation,"手术；操作",n.,"初中",B1
11409,opinion,"看法，见解",n.,"初中",B1
11410,opportunity,"机会",n.,"初中",B1
11411,oppose,"反对",v.,"初中",B1
11412,optimistic,"乐观的",adj.,"初中",B1
11413,or,"或；就是；否则",conj.,"初中",A1
11414,orange,"橘子，橙子，橘汁 a. 橘色的，橙色的",n.,"初中",B1
11415,order,"定购，定货；点菜n. 顺序",vt.,"初中",A2
11416,ordinary,"普通的，平常的",a.,"初中",B2
11417,organization,"组织",n.,"初中",B1
11418,organize,"组织",v.,"初中",B1
11419,other,"别人，别的东西 a. 别的,另外的",pron.,"初中",A2
11420,our,"我们的",pron.,"初中",A1
11421,ourselves,"我们自己",pron.,"初中",B2
11422,out,"出外;在外,向外;熄",ad.,"初中",A1
11423,outdoors,"在户外, 在野外",ad.,"初中",B2
11424,outside,"外面 ad. 在外面；向外面 prep. 在…外面",n.,"初中",B1
11425,over,"在…上方,越过,遍及 ad. 翻倒,遍布,越过,结束",prep.,"初中",A2
11426,overcoat,"大衣",n.,"初中",B2
11427,overcome,"克服",v.,"初中",B1
11428,overseas,"海外",adv./adj.,"初中",B1
11429,own,"自己的 v. 拥有,所有",a.,"初中",A1
11430,oxygen,"氧气",n.,"初中",B1
11431,"p.m./pm, P.M. /PM","下午,午后",n.,"初中",B2
11432,Pacific,"太平洋的",a.,"初中",B1
11433,pack,"包,捆;（猎犬、野兽的）一群 v. (为运输或储存而)打包",n.,"初中",A2
11434,packet,"小包裹，袋",n.,"初中",B1
11435,page,"页，页码",n.,"初中",A2
11436,pain,"疼痛，疼",n.,"初中",A2
11437,painful,"使痛的，使痛苦的",a.,"初中",B1
11438,paint,"油漆 vt. 油漆,粉刷,绘画",n.,"初中",A2
11439,painter,"绘画者,（油）画家",n.,"初中",B1
11440,painting,"油画，水彩画",n.,"初中",B2
11441,pair,"一双，一对",n.,"初中",A2
11442,palace,"宫，宫殿",n.,"初中",B1
11443,pale,"苍白的，灰白的",a.,"初中",A2
11444,pan,"平底锅",n.,"初中",A1
11445,panda,"熊猫",n.,"初中",A2
11446,paper,"纸；报纸",n.,"初中",A2
11447,paragraph,"段落",n.,"初中",B1
11448,pardon,"原谅,宽恕,对不起",n.,"初中",B1
11449,parent,"父(母)，双亲",n.,"初中",B1
11450,park,"公园 vt. 停放（汽车）",n.,"初中",A2
11451,parking,"停车",n.,"初中",B1
11452,parrot,"鹦鹉",n.,"初中",B1
11453,part,"部分；角色；部件；零件 a. 局部的；部分的",n.,"初中",A2
11454,participate,"参加",v.,"初中",B1
11455,party,"聚会，晚会；党派",n.,"初中",A2
11456,pass,"传，递；经过；通过",vt.,"初中",A2
11457,passenger,"乘客，旅客",n.,"初中",B2
11458,passport,"护照",n.,"初中",B2
11459,password,"密码",n.,"初中",A2
11460,past,"过 n. 过去，昔日，往事 prep. 过…，走过某处",ad.,"初中",A2
11461,path,"小道，小径",n.,"初中",A2
11462,patient,"病人",n.,"初中",B1
11463,pause,"n.& vi. 中止，暂停；停止","","初中",A2
11464,pay,"(paid, paid) v. 付钱，给…报酬 n. 工资","","初中",A1
11465,pea,"豌豆",n.,"初中",A1
11466,peace,"和平",n.,"初中",A2
11467,peaceful,"和平的",adj.,"初中",B1
11468,pear,"梨子，梨树",n.,"初中",A2
11469,pen,"钢笔，笔",n.,"初中",A1
11470,pencil,"铅笔",n.,"初中",B1
11471,pencil-box,"铅笔盒",n.,"初中",B2
11472,penny,"(英复pence) n.（英）便士；美分","","初中",A2
11473,people,"人，人们；人民",n.,"初中",B1
11474,pepper,"胡椒粉",n.,"初中",B1
11475,perform,"表演",v.,"初中",B1
11476,performance,"演出，表演",n.,"初中",B2
11477,perhaps,"可能，或",ad.,"初中",B1
11478,permanent,"永久的",adj.,"初中",B1
11479,permit,"许可,允许;执照 n. 许可证",vt.,"初中",B1
11480,person,"人",n.,"初中",B1
11481,personal,"个人的，私人的",a.,"初中",B2
11482,personality,"个性",n.,"初中",B1
11483,personally,"就个人而言",adv.,"初中",B1
11484,persuade,"说服",v.,"初中",B1
11485,pessimistic,"悲观的",adj.,"初中",B1
11486,pet,"宠物，爱畜",n.,"初中",A1
11487,"phone = telephone","打电话 n. 电话，电话机",v.,"初中",B2
11488,"photo =photograph","照片",n.,"初中",B2
11489,photograph,"照片",n.,"初中",B2
11490,phrase,"短语；习惯用语",n.,"初中",B1
11491,physicist,"物理学家",n.,"初中",B2
11492,physics,"物理（学）",n.,"初中",B1
11493,pianist,"钢琴家",n.,"初中",B1
11494,piano,"钢琴",n.,"初中",A2
11495,pick,"拾起，采集；挑选",v.,"初中",A2
11496,picnic,"n.& v. 野餐","","初中",B1
11497,pie,"甜馅饼",n.,"初中",A1
11498,piece,"一块（片，张，件…）",n.,"初中",A2
11499,pig,"猪",n.,"初中",A1
11500,pile,"n./v. 堆","","初中",A2
11501,pill,"药丸，药片",n.,"初中",A2
11502,pilot,"飞行员",n.,"初中",A2
11503,ping-pong,"乒乓球",n.,"初中",B2
11504,pink,"粉红色的",a.,"初中",A2
11505,pioneer,"先锋，开拓者",n.,"初中",B1
11506,pity,"怜悯，同情",n.,"初中",A2
11507,place,"地方，处所 v. 放置，安置，安排",n.,"初中",A2
11508,plan,"n.& v. 计划，打算","","初中",A2
11509,plane,"飞机",n.,"初中",A2
11510,planet,"行星",n.,"初中",B1
11511,plant,"种植，播种 n. 植物",vt.,"初中",A2
11512,plastic,"塑料的",a.,"初中",B1
11513,plate,"板；片；牌；盘子；盆子",n.,"初中",A2
11514,play,"玩；打（球）；游戏；播放 n. 玩耍，戏剧",v.,"初中",A2
11515,playground,"操场，运动场",n.,"初中",B2
11516,pleasant,"令人愉快的，舒适的",a.,"初中",B2
11517,please,"请,使人高兴,使人满意",v.,"初中",B1
11518,pleased,"高兴的",a.,"初中",B1
11519,pleasure,"高兴，愉快",n.,"初中",B2
11520,plenty,"充足，大量",n.,"初中",B1
11521,plot,"情节",n.,"初中",B1
11522,plus,"加，加上",prep.,"初中",A2
11523,point,"指，指向 n. 点；分数",v.,"初中",A2
11524,police,"警察，警务人员",n.,"初中",B1
11525,"policeman (复-men)","警察,巡警 policewoman ( -women) n. 女警察",n.,"初中",B2
11526,polite,"有礼貌的,有教养的",a.,"初中",B1
11527,politics,"政治",n.,"初中",B2
11528,pollute,"污染",vt.,"初中",B1
11529,pollution,"污染",n.,"初中",B1
11530,pool,"水塘，水池",n.,"初中",A2
11531,poor,"贫穷；可怜；不好的,差的",a.,"初中",A2
11532,"pop = popular","(口语) （音乐、艺术等）大众的，通俗的",a.,"初中",B2
11533,popular,"流行,大众,受欢迎的",a.,"初中",B1
11534,population,"人口，人数",n.,"初中",B2
11535,pork,"猪肉",n.,"初中",A2
11536,porridge,"稀饭，粥",n.,"初中",B2
11537,port,"港口，码头",n.,"初中",A2
11538,portable,"便携的",adj.,"初中",B1
11539,possess,"拥有",v.,"初中",B1
11540,possibility,"可能性",n.,"初中",B1
11541,possible,"可能的",a.,"初中",B2
11542,post,"邮政，邮寄，邮件 v. 投寄；邮寄",n.,"初中",A2
11543,postage,"邮费",n.,"初中",B1
11544,postbox,"邮箱",n.,"初中",B1
11545,postcard,"明信片",n.,"初中",B2
11546,postcode,"（英）邮政编码",n.,"初中",B2
11547,postman,"邮递员",n.,"初中",B1
11548,postpone,"推迟",v.,"初中",B1
11549,potato,"土豆，马铃薯",n.,"初中",B1
11550,potential,"潜在的，可能的",a.,"初中",B2
11551,pound,"磅；英镑",n.,"初中",A2
11552,pour,"倾泻，不断流出",vi.,"初中",A2
11553,powerful,"强大的",adj.,"初中",B1
11554,practice(s)e,"练习",n.,"初中",B2
11555,praise,"n.& vt. 赞扬，表扬","","初中",B1
11556,prefer,"更喜欢",v.,"初中",B1
11557,preparation,"准备",n.,"初中",B1
11558,prepare,"准备,预备,调制,配制",vt.,"初中",B1
11559,present,"出现的，出席的 n. 礼物，赠品 vt. 呈奉，奉送",a.,"初中",B1
11560,press,"压,按 n. 新闻界,出版社",vt.,"初中",A2
11561,pressure,"压力",n.,"初中",B1
11562,pretend,"假装",v.,"初中",B1
11563,pretty,"漂亮的，俊俏的",a.,"初中",B1
11564,prevent,"防止, 预防",vt.,"初中",B1
11565,price,"价格，价钱",n.,"初中",A2
11566,pride,"自豪，骄傲",n.,"初中",A2
11567,primary,"首要的",adj.,"初中",B1
11568,principle,"原则",n.,"初中",B1
11569,print,"印刷",vt.,"初中",A2
11570,prize,"奖赏，奖品",n.,"初中",A2
11571,probable,"很可能,很有希望的",a.,"初中",B2
11572,probably,"很可能，大概",ad.,"初中",B2
11573,problem,"问题，难题",n.,"初中",B1
11574,process,"加工",v.,"初中",B1
11575,produce,"生产；制造",vt.,"初中",B1
11576,professor,"教授",n.,"初中",B2
11577,program,"节目；程序",n.,"初中",A2
11578,"programme (美program)","节目；项目",n.,"初中",B2
11579,progress,"进步,上进 vi. 进展,进行",n.,"初中",B2
11580,promise,"n.& vi. 答应，允诺","","初中",B1
11581,pronounce,"发音",vt.,"初中",B2
11582,pronunciation,"发音",n.,"初中",B2
11583,proper,"恰当的，合适的",a.,"初中",B1
11584,protect,"保护",vt.,"初中",B1
11585,protection,"保护",n.,"初中",B1
11586,protest,"抗议",v.,"初中",B1
11587,proud,"自豪的；骄傲的",a.,"初中",A2
11588,prove,"证明",v.,"初中",B1
11589,provide,"提供",vt.,"初中",B1
11590,province,"省",n.,"初中",B2
11591,public,"公共,公众的 n. 公众",a.,"初中",B1
11592,publish,"出版",v.,"初中",B1
11593,pull,"拉，拖 n. 拉力，引力","","初中",A2
11594,punishment,"惩罚",n.,"初中",B1
11595,purchase,"购买",v.,"初中",B1
11596,purple,"/ a. 紫色",n.,"初中",B1
11597,purpose,"目的",n.,"初中",B1
11598,purse,"钱包",n.,"初中",A2
11599,push,"n.& v. 推","","初中",A2
11600,"put (put, put)","放，摆",vt.,"初中",B2
11601,quality,"质量",n.,"初中",B1
11602,quantity,"数量",n.,"初中",B1
11603,quarrel,"争吵，吵架",vi.,"初中",B1
11604,quarter,"四分之一，一刻钟",n.,"初中",B1
11605,queen,"皇后，女王",n.,"初中",A2
11606,question,"询问 n. 问题",vt.,"初中",B2
11607,queue,"行列，长队",n.,"初中",A2
11608,quick,"快；敏捷的；急剧的",a.,"初中",A2
11609,quiet,"安静的；寂静的",a.,"初中",A2
11610,quilt,"被子；被状物",n.,"初中",A2
11611,quit,"离任，离校，戒掉",v.,"初中",A2
11612,quite,"完全，十分",ad.,"初中",A2
11613,quiz,"测验，小型考试",n.,"初中",A2
11614,rabbit,"兔，家兔",n.,"初中",B1
11615,race,"种族，民族 v.（速度）竞赛，比赛 n. 赛跑，竞赛",n.,"初中",A2
11616,radio,"无线电，收音机",n.,"初中",A2
11617,rail,"铁路",n.,"初中",A2
11618,railway,"铁路；铁道",n.,"初中",B1
11619,rain,"雨，雨水 vi. 下雨",n.,"初中",A2
11620,raincoat,"雨衣",n.,"初中",B2
11621,rainy,"下雨的；多雨的",a.,"初中",A2
11622,raise,"使升高；饲养",vt.,"初中",A2
11623,rat,"老鼠",n.,"初中",A1
11624,rather,"相当，宁可",ad.,"初中",B1
11625,reach,"到达,伸手(脚)够到",v.,"初中",A2
11626,"read (read, read)","读；朗读",v.,"初中",B2
11627,ready,"准备好的",a.,"初中",A2
11628,real,"真实的，确实的",a.,"初中",A2
11629,"realise (美realize)","认识到,实现",vt.,"初中",B2
11630,realistic,"现实的",adj.,"初中",B1
11631,realize,"意识到",v.,"初中",B1
11632,"really v","真正地；到底；确实",ad.,"初中",B2
11633,reason,"理由,原因",n.,"初中",B1
11634,reasonable,"合理的",adj.,"初中",B1
11635,recall,"回忆",v.,"初中",B1
11636,receive,"收到，得到",v.,"初中",B1
11637,recent,"近来的，最近的",a.,"初中",B1
11638,recently,"最近",adv.,"初中",B1
11639,recognize,"认出",v.,"初中",B1
11640,recommend,"推荐",v.,"初中",B1
11641,record,"记录；唱片",n.,"初中",B1
11642,recycle,"回收；再循环",vt.,"初中",B1
11643,red,"红色 a. 红色的",n.,"初中",A1
11644,reduce,"减少",v.,"初中",B1
11645,refer,"参考",v.,"初中",B1
11646,refuse,"拒绝，不愿",vi.,"初中",B1
11647,regard,"把…看作",v.,"初中",B1
11648,register,"注册",v.,"初中",B1
11649,regret,"n./ vt. 可惜,遗憾;痛惜;哀悼","","初中",B1
11650,regulation,"规则，规章",n.,"初中",B2
11651,reject,"拒绝",v.,"初中",B1
11652,relationship,"关系",n.,"初中",B1
11653,relax,"放松",v.,"初中",A2
11654,relay,"接力，接替人，中转 v. 接替，补充；转运",n.,"初中",A2
11655,relevant,"相关的",adj.,"初中",B1
11656,reliable,"可靠的",adj.,"初中",B1
11657,relieve,"缓解",v.,"初中",B1
11658,religion,"宗教",n.,"初中",B1
11659,remain,"余下,留下 vi. 保持,仍是",vt.,"初中",B1
11660,remember,"记得，想起",v.,"初中",B2
11661,remind,"提醒",v.,"初中",B1
11662,remove,"移除",v.,"初中",B1
11663,rent,"n.& v. 租金","","初中",A2
11664,repair,"n.& vt. 修理；修补","","初中",B1
11665,repeat,"重说，重做",vt.,"初中",B1
11666,replace,"替换",v.,"初中",B1
11667,reply,"回答，答复",n.,"初中",A2
11668,report,"n.& v. 报道，报告","","初中",B1
11669,require,"需要",v.,"初中",B1
11670,requirement,"要求",n.,"初中",B1
11671,rescue,"营救",v.,"初中",B1
11672,research,"研究，调查",n.,"初中",B2
11673,reserve,"预订",v.,"初中",B1
11674,resign,"辞职",v.,"初中",B1
11675,respect,"尊重",v./n.,"初中",B1
11676,responsibility,"责任",n.,"初中",B1
11677,responsible,"负责的",adj.,"初中",B1
11678,rest,"休息；剩余的部分，其余的人（物） vi. 休息，歇息",n.,"初中",A2
11679,restaurant,"饭馆, 饭店",n.,"初中",B2
11680,restrict,"限制",v.,"初中",B1
11681,result,"结果，效果",n.,"初中",B1
11682,retire,"退休",v.,"初中",B1
11683,retirement,"退休",n.,"初中",B1
11684,return,"归还",v.,"初中",B1
11685,review,"重新调查；回顾；复习 n. 复查；复习；评论",vt.,"初中",B1
11686,revise,"修改",v.,"初中",B1
11687,rice,"稻米；米饭",n.,"初中",A2
11688,rich,"富裕的，有钱的",a.,"初中",A2
11689,riddle,"谜(语)",n.,"初中",B1
11690,"ride (rode, ridden)","骑（马、自行车）；乘车 n. 乘车旅行",v.,"初中",B2
11691,right,"权利 a. 对,正确的 ad. 正确地,恰恰,完全地 a. 右,右边的",n.,"初中",A2
11692,"ring (rang, rung)","v.（钟、铃等）响；打电话 n. 铃声 n. 环形物（如环、圈、戒指等）","","初中",B2
11693,"rise (rose, risen)","上升，上涨",vi.,"初中",B2
11694,risk,"风险",n.,"初中",B1
11695,river,"江；河；水道；巨流",n.,"初中",A2
11696,road,"路，道路",n.,"初中",A2
11697,roast,"烤",v.,"初中",B1
11698,rob,"抢夺，抢劫",v.,"初中",A1
11699,robot,"机器人",n.,"初中",A2
11700,rock,"岩石,大石头 vt. 摇,摇晃",n.,"初中",A2
11701,rocket,"火箭",n.,"初中",B1
11702,romantic,"浪漫的",adj.,"初中",B1
11703,room,"房间,室;空间;地方",n.,"初中",A2
11704,rose,"玫瑰花",n.,"初中",A2
11705,rotten,"腐烂的",adj.,"初中",B1
11706,rough,"粗糙的，粗略的",a.,"初中",A2
11707,round,"转过来 prep. 环绕一周，围着 a. 圆的；球形的",ad.,"初中",A2
11708,row,"n.（一）排,（一）行 v. 划船","","初中",A1
11709,rubber,"橡胶；合成橡胶",n.,"初中",B1
11710,rubbish,"垃圾；废物",n.,"初中",B1
11711,rude,"无理的, 粗鲁的",a.,"初中",A2
11712,ruin,"毁灭",v.,"初中",B1
11713,rule,"规则,规定 vt. 统治,支配",n.,"初中",A2
11714,ruler,"统治者；直尺",n.,"初中",A2
11715,"run (ran, run)","跑，奔跑；（颜色）褪色",vi.,"初中",B2
11716,runner,"赛跑者；操作者；滑行装置",n.,"初中",B1
11717,rush,"冲，奔跑",vi.,"初中",A2
11718,Russia,"俄罗斯，俄国",n.,"初中",B1
11719,Russian,"俄国人的，俄语的 n. 俄国人，俄语",a.,"初中",B1
11720,sacrifice,"牺牲",v.,"初中",B1
11721,safe,"安全的 n. 保险柜",a.,"初中",A2
11722,safety,"安全，保险",n.,"初中",B1
11723,sail,"航行 v. 航行，开航",n.,"初中",A2
11724,salad,"色拉",n.,"初中",A2
11725,sale,"卖，出售",n.,"初中",A2
11726,salesgirl,"女售货员",n.,"初中",B2
11727,salesman,"男售货员",n.,"初中",B2
11728,saleswoman,"女售货员",n.,"初中",B2
11729,salt,"盐",n.,"初中",A2
11730,salty,"咸的",adj.,"初中",A2
11731,same,"同样的事 a. 同样的,同一",n.,"初中",A2
11732,sand,"沙，沙子",n.,"初中",A2
11733,sandwich,"三明治（夹心面包片）",n.,"初中",B2
11734,satellite,"卫星",n.,"初中",B2
11735,satisfaction,"满意",n.,"初中",B2
11736,satisfy,"满足，使满意",vt.,"初中",B1
11737,Saturday,"星期六",n.,"初中",B2
11738,save,"救，挽救，节省",vt.,"初中",A2
11739,"say (said, said)","说，讲",vt.,"初中",B2
11740,scary,"吓人的",adj.,"初中",A2
11741,scene,"场景",n.,"初中",B1
11742,scenery,"风景，景色，风光",n.,"初中",B1
11743,schedule,"时间表",n.,"初中",B1
11744,school,"学校",n.,"初中",B1
11745,schoolbag,"书包",n.,"初中",B2
11746,schoolmate,"同校同学",n.,"初中",B2
11747,science,"科学，自然科学",n.,"初中",B1
11748,scientific,"科学的",a.,"初中",B2
11749,scientist,"科学家",n.,"初中",B2
11750,scissors,"剪刀，剪子",n.,"初中",B2
11751,score,"n.& v. 得分，分数,二十","","初中",A2
11752,screen,"幕，荧光屏",n.,"初中",B1
11753,sea,"海，海洋",n.,"初中",A1
11754,seagull,"海鸥",n.,"初中",B1
11755,search,"n.& v. 搜寻，搜查","","初中",B1
11756,season,"季；季节",n.,"初中",B1
11757,seat,"座位，座",n.,"初中",A2
11758,second,"秒 num. 第二 a. 第二的",n.,"初中",B1
11759,secondary,"次要的",adj.,"初中",B1
11760,secondhand,"二手货; 旧货",n.,"初中",B2
11761,secret,"秘密，内情",n.,"初中",B1
11762,secretary,"秘书；书记",n.,"初中",B2
11763,security,"安全",n.,"初中",B1
11764,"see (saw, seen)","看见，看到；领会；拜会",vt.,"初中",B2
11765,seek,"寻找",v.,"初中",B1
11766,seem,"似乎，好像",v.,"初中",A2
11767,seldom,"很少，不常",ad.,"初中",B1
11768,select,"选择",v.,"初中",B1
11769,"sell (sold, sold)","卖，售",v.,"初中",B2
11770,send,"发送",v.,"初中",A2
11771,"send (sent, sent)","打发，派遣；送，邮寄",v.,"初中",B2
11772,sensible,"明智的",adj.,"初中",B1
11773,sentence,"句子",n.,"初中",B2
11774,separate,"使分开，使分离 a. 单独的，分开的",v.,"初中",B2
11775,September,"9月",n.,"初中",B2
11776,serious,"严肃的,严重的,认真的",a.,"初中",B1
11777,seriously,"严重地",adv.,"初中",B1
11778,servant,"仆人，佣人",n.,"初中",B1
11779,serve,"招待（顾客等）,服务",vt.,"初中",A2
11780,"set (set, set)","释放，安置 n. 装备，设备",vt.,"初中",B2
11781,settle,"解决",v.,"初中",B1
11782,settlement,"定居",n.,"初中",B1
11783,seven,"七",num.,"初中",A2
11784,seventeen,"十七",num.,"初中",B2
11785,seventh,"第七",num.,"初中",B1
11786,seventy,"七十",num.,"初中",B1
11787,several,"几个,数个 a. 若干",pron.,"初中",B1
11788,severe,"极为恶劣,十分严重的",a.,"初中",B1
11789,"shall (should)","aux.（表示将来）将要，会；…好吗",v.,"初中",B2
11790,shape,"形状，外形 v. 使成型，制造，塑造",n.,"初中",A2
11791,share,"分享，共同使用",vt.,"初中",A2
11792,sharp,"锋利的，尖的",a.,"初中",A2
11793,sharpen,"使锋利",v.,"初中",B1
11794,sharpener,"削尖用的器具",n.,"初中",B2
11795,she,"她",pron.,"初中",A1
11796,sheet,"成幅的薄片，薄板",n.,"初中",A2
11797,"shelf (复 shelves)","架子；搁板；格层；礁；陆架",n.,"初中",B2
11798,shine,"光泽；光彩；阳光；晴天；光(亮)",n.,"初中",A2
11799,"shine (shone, shone或-d, -d)","发光；照耀；杰出；擦亮",v.,"初中",B2
11800,shiny,"闪亮的",adj.,"初中",B1
11801,ship,"船，轮船 vi. 用船装运",n.,"初中",A2
11802,shirt,"男衬衫",n.,"初中",A2
11803,shock,"使震惊",v.,"初中",B1
11804,shoe,"鞋",n.,"初中",A2
11805,shoot,"(shot, shot) vt. 射击，射中，发射","","初中",A2
11806,shop,"买东西 n. 商店,车间",vi.,"初中",A2
11807,shopping,"买东西",n.,"初中",B2
11808,shore,"滨，岸",n.,"初中",A2
11809,short,"短的；矮的",a.,"初中",A2
11810,shorten,"缩短",v.,"初中",B1
11811,should,"mod. 应当，应该，会 v. aux. 会,应该（shall的过去时态）",v.,"初中",B1
11812,shout,"n.& v. 喊，高声呼喊","","初中",A2
11813,show,"(showed, shown 或 showed)  v. 给…看,出示,显示","","初中",A2
11814,shower,"阵雨；淋浴",n.,"初中",B1
11815,shrink,"缩小",v.,"初中",B1
11816,"shut (shut, shut)","/ n. 关上，封闭；禁闭；",v.,"初中",B2
11817,shy,"害羞的",a.,"初中",A1
11818,sick,"有病,患病的,（想）呕吐",a.,"初中",A2
11819,side,"边，旁边，面，侧面",n.,"初中",A2
11820,sign,"签名",v.,"初中",A2
11821,silent,"沉默的",adj.,"初中",A2
11822,silly,"傻的，愚蠢的",a.,"初中",A2
11823,since,"从那时以来 conj. 从…以来，…以后，由于 prep. 从…以来",ad.,"初中",A2
11824,"sing (sang, sung)","唱，唱歌",v.,"初中",B2
11825,singer,"歌唱家，歌手",n.,"初中",B1
11826,single,"单一的，单个的",a.,"初中",B1
11827,"sink (sank, sunk)","下沉；消沉  n. 洗涤槽；污水槽",vi.,"初中",B2
11828,sir,"先生；阁下",n.,"初中",A1
11829,sister,"姐；妹",n.,"初中",B1
11830,"sit (sat, sat)","坐",vi.,"初中",B2
11831,situation,"情况",n.,"初中",B1
11832,six,"六",num.,"初中",A1
11833,sixteen,"十六",num.,"初中",B1
11834,sixteenth,"第十六",num.,"初中",B2
11835,sixth,"第六",num.,"初中",A2
11836,sixty,"六十",num.,"初中",A2
11837,size,"尺寸，大小",n.,"初中",A2
11838,skate,"溜冰，滑冰",vi.,"初中",A2
11839,skateboard,"冰鞋，滑板",n.,"初中",B2
11840,ski,"n.& vi. 滑雪板；滑雪","","初中",A1
11841,skillful,"熟练的",adj.,"初中",B1
11842,skirt,"女裙",n.,"初中",A2
11843,sky,"天；天空",n.,"初中",A1
11844,"sleep (slept, slept)","睡觉",vi.,"初中",B2
11845,sleepy,"困的",adj.,"初中",A2
11846,slow,"慢慢地，缓慢地",ad.,"初中",A2
11847,small,"小的，少的",a.,"初中",A2
11848,smartphone,"智能手机",n.,"初中",A2
11849,smell,"闻起来",v.,"初中",A2
11850,"smell (smelt, smelt / -ed,-ed)","嗅，闻到；发气味 n. 气味",v.,"初中",B2
11851,smile,"n.& v. 微笑","","初中",A2
11852,smoke,"烟 v. 冒烟；吸烟",n.,"初中",A2
11853,smoking,"吸烟,抽烟;冒烟",n.,"初中",B1
11854,snake,"蛇 v. 蛇般爬行;蜿蜒行进",n.,"初中",A2
11855,snow,"雪 vi.下雪",n.,"初中",A2
11856,snowy,"下雪的",adj.,"初中",A2
11857,so,"如此，这么；非常；同样 conj. 因此，所以",ad.,"初中",A1
11858,so-so,"一般；不怎么样；凑合",a.,"初中",A2
11859,soap,"肥皂",n.,"初中",A2
11860,society,"社会",n.,"初中",B1
11861,sock,"短袜",n.,"初中",A2
11862,soft,"软的，柔和的",a.,"初中",A2
11863,soften,"使柔软",v.,"初中",B1
11864,software,"软件",n.,"初中",B1
11865,soil,"土壤，土地",n.,"初中",A2
11866,soldier,"士兵，战士",n.,"初中",B1
11867,solution,"解决方案",n.,"初中",B1
11868,solve,"解决",v.,"初中",B1
11869,some,"一些，若干；有些；某一 pron. 若干，一些",a.,"初中",A2
11870,somebody,"某人；有人；有名气的人",pron.,"初中",B2
11871,someone,"某一个人",pron.,"初中",B1
11872,something,"某事；某物",pron.,"初中",B2
11873,somewhere,"在某处",ad.,"初中",B2
11874,son,"儿子",n.,"初中",A1
11875,song,"歌唱；歌曲",n.,"初中",A2
11876,soon,"不久,很快,一会儿",ad.,"初中",A2
11877,sorry,"对不起,抱歉;难过的",a.,"初中",A2
11878,sound,"听起来,发出声音 n. 声音",vi.,"初中",A2
11879,soup,"汤",n.,"初中",A2
11880,sour,"酸的，馊的",a.,"初中",A2
11881,south,"南(方)的 ad. 在南方；向南方 n. 南；南方；南部",a.,"初中",A2
11882,southeast,"东南",n.,"初中",B2
11883,southern,"南部的，南方的",a.,"初中",B2
11884,southwest,"西南",n.,"初中",B2
11885,souvenir,"纪念品",n.,"初中",B1
11886,"sow (sowed, sown或-ed)","播种",vt.,"初中",B2
11887,space,"空间",n.,"初中",A2
11888,spaceship,"宇宙飞船",n.,"初中",B2
11889,"speak (spoke, spoken)","说，讲；谈话；发言",v.,"初中",B2
11890,special,"特别的，专门的",a.,"初中",B1
11891,specific,"具体的",adj.,"初中",B1
11892,speech,"演讲",n.,"初中",B1
11893,speechless,"无语的",adj.,"初中",B1
11894,speed,"速度 v.（使）加速",n.,"初中",A2
11895,spell,"拼写",vt.,"初中",A2
11896,spend,"花费",v.,"初中",A2
11897,spicy,"辛辣的",adj.,"初中",B1
11898,spirit,"精神",n.,"初中",B1
11899,spit,"吐唾沫；吐痰",v.,"初中",A2
11900,split,"裂开",v.,"初中",B1
11901,spoken,"口头的",adj.,"初中",B1
11902,spoon,"匙, 调羹",n.,"初中",A2
11903,sport,"体育运动，锻炼；(复，英)运动会",n.,"初中",A2
11904,spot,"斑点，污点；场所，地点 v. 沾上污渍，弄脏",n.,"初中",A2
11905,spread,"传播",v.,"初中",B1
11906,spring,"春天,春季 n. 泉水,泉",n.,"初中",B1
11907,square,"广场 a. 平方的；方形的，宽而结实的（体格，肩膀）",n.,"初中",B1
11908,stainless,"不锈的",adj.,"初中",B1
11909,stamp,"邮票",n.,"初中",A2
11910,stand,"站；立；停止；立场；地位；台；坛；摊",n.,"初中",A2
11911,"stand (stood, stood)","站；立；起立；坐落；经受；持久",v.,"初中",B2
11912,standard,"标准",n.,"初中",B1
11913,star,"星，恒星",n.,"初中",A2
11914,stare,"盯着看",v.,"初中",B1
11915,start,"开始，着手；出发",v.,"初中",A2
11916,state,"状态；情形；国家，（美国的）州",n.,"初中",A2
11917,statement,"陈述",n.,"初中",B1
11918,station,"站，所，车站；电台",n.,"初中",B1
11919,stay,"n.& vi. 停留，逗留，呆","","初中",A2
11920,"steal (stole, stolen)","偷, 窃取",vt.,"初中",B2
11921,steam,"蒸",v.,"初中",B1
11922,steep,"险峻的；陡峭的",a.,"初中",A2
11923,step,"脚步,台阶,梯级 vi. 走,跨步",n.,"初中",A2
11924,stick,"粘贴",v.,"初中",B1
11925,"stick (stuck, stuck)","粘住，钉住；坚持 n. 木棒（棍）,枝条",vi.,"初中",B2
11926,still,"不动的,平静的 ad. 仍然,还",a.,"初中",A2
11927,stir,"搅拌",v.,"初中",B1
11928,stocking,"长统袜",n.,"初中",B2
11929,stomach,"胃，胃部",n.,"初中",B1
11930,stomachache,"胃疼",n.,"初中",B2
11931,stone,"石头，石料",n.,"初中",A2
11932,stop,"停；（停车）站 v. 停，停止，阻止",n.,"初中",A2
11933,store,"商店 vt. 储藏，存储",n.,"初中",A2
11934,storm,"风暴，暴（风）雨",n.,"初中",A2
11935,stormy,"暴风雨的",adj.,"初中",B1
11936,story,"故事，小说",n.,"初中",A2
11937,straight,"一直的，直的 ad. 一直地，直地",a.,"初中",B2
11938,strange,"奇怪,奇特的,陌生的",a.,"初中",B1
11939,street,"街，街道",n.,"初中",B1
11940,strengthen,"加强",v.,"初中",B1
11941,stressful,"有压力的",adj.,"初中",B1
11942,strict,"严格的，严密的",a.,"初中",B1
11943,"strike (struck, struck或stricken)","v.（钟）鸣;敲（响）,罢工,擦（打）火, 侵袭","","初中",B2
11944,strong,"强(壮)的；坚固的；强烈的；坚强的",a.,"初中",B1
11945,struggle,"奋斗",v./n.,"初中",B1
11946,student,"学生",n.,"初中",B1
11947,study,"学习；研究 n. 书房",v.,"初中",A2
11948,stupid,"愚蠢的，笨的",a.,"初中",B1
11949,subject,"题目；主题；学科；主语；主体",n.,"初中",B1
11950,succeed,"成功",vi.,"初中",B1
11951,success,"成功",n.,"初中",B1
11952,successful,"成功的,有成就的",a.,"初中",B2
11953,such,"那么 pron.（泛指）人，事物 a. 这样的，那样的",ad.,"初中",A2
11954,sudden,"突然的",a.,"初中",B1
11955,suffer,"遭受",v.,"初中",B1
11956,sufficient,"足够的",adj.,"初中",B1
11957,sugar,"糖",n.,"初中",A2
11958,suggest,"建议，提议",vt.,"初中",B1
11959,suggestion,"建议",n.,"初中",B2
11960,suit,"适合 n. 一套（衣服）",vt.,"初中",A2
11961,suitable,"合适的",adj.,"初中",B1
11962,summary,"总结",n.,"初中",B1
11963,summer,"夏天，夏季",n.,"初中",B1
11964,sun,"太阳，阳光",n.,"初中",A1
11965,Sunday,"星期日",n.,"初中",B1
11966,sunglasses,"太阳眼镜，墨镜",n.,"初中",B2
11967,sunlight,"日光，阳光",n.,"初中",B2
11968,sunny,"晴朗的;阳光充足的",a.,"初中",A2
11969,sunrise,"黎明，拂晓",n.,"初中",B1
11970,sunset,"日落(时分)",n.,"初中",B1
11971,sunshine,"阳光",n.,"初中",B2
11972,super,"顶好的，超级的",a.,"初中",A2
11973,supermarket,"超级市场",n.,"初中",B2
11974,supper,"晚餐，晚饭",n.,"初中",B1
11975,supplementary,"补充的",adj.,"初中",B1
11976,supply,"vt.& n. 供给，供应","","初中",B1
11977,support,"支持",v./n.,"初中",B1
11978,suppose,"猜想,假定,料想",vt.,"初中",B1
11979,sure,"确信，肯定 ad. (口语)的确，一定，当然",a.,"初中",A2
11980,surf,"冲浪",v.,"初中",A2
11981,surprise,"使惊奇,使诧异 n. 惊奇,诧异",vt.,"初中",B2
11982,survive,"幸存",v.,"初中",B1
11983,suspect,"怀疑",v.,"初中",B1
11984,sweater,"厚运动衫，毛衣",n.,"初中",B1
11985,"sweep(swept,swept)","扫除，扫",v.,"初中",B2
11986,sweet,"甜食;蜜饯;甜点;糖果;芳香 a. 甜的;可爱的;亲切的",n.,"初中",A2
11987,"swim (swam, swum)","游泳,游 n. 游泳，游",vi.,"初中",B2
11988,swimming,"游泳",n.,"初中",B2
11989,"swimming pool","游泳池",n.,"初中",B2
11990,swing,"挥舞，摆动 n. 秋千",vt.,"初中",A2
11991,systematic,"系统的",adj.,"初中",B1
11992,T-shirt,"T恤衫",n.,"初中",B1
11993,table,"桌子，表格",n.,"初中",A2
11994,tail,"(动物的)尾巴",n.,"初中",A2
11995,tailor,"裁缝",n.,"初中",B1
11996,take,"带走",v.,"初中",A1
11997,"take (took, taken)","拿；拿走；做；服用；乘坐；花费",vt.,"初中",B2
11998,tale,"故事, 传说",n.,"初中",A2
11999,talk,"n.& v. 谈话,讲话,演讲,交谈","","初中",A2
12000,tall,"高的",a.,"初中",A2
12001,tape,"磁带；录音带",n.,"初中",A2
12002,target,"目标",n.,"初中",B1
12003,task,"任务, 工作",n.,"初中",A2
12004,taste,"品尝, 尝味；味道 vt. 品尝, 尝味",n.,"初中",A2
12005,tasty,"美味的",adj.,"初中",A2
12006,taxi,"出租汽车",n.,"初中",A2
12007,tea,"茶；茶叶 ",n.,"初中",A1
12008,"teach(taught,taught)","教书,教",v.,"初中",B2
12009,teacher,"教师，教员",n.,"初中",B1
12010,team,"队，组",n.,"初中",A2
12011,teamwork,"合作，协同工作",n.,"初中",B2
12012,teapot,"茶壶",n.,"初中",B1
12013,tear,"眼泪 v. 扯破, 撕开",n.,"初中",A2
12014,technology,"技术",n.,"初中",B2
12015,teenage,"青少年的",adj.,"初中",A2
12016,teenager,"青少年",n.,"初中",A2
12017,telegram,"电报",n.,"初中",B2
12018,telegraph,"(拍) 电报",v.,"初中",B2
12019,telephone,"打电话 n. 电话",v.,"初中",B2
12020,television,"电视",n.,"初中",B2
12021,"tell (told, told)","告诉,讲述,吩咐",vt.,"初中",B2
12022,temperature,"温度",n.,"初中",B2
12023,temporary,"临时的",adj.,"初中",B1
12024,ten,"十",num.,"初中",A1
12025,tent,"帐篷",n.,"初中",A2
12026,term,"学期;术语;条款;项",n.,"初中",A2
12027,terrible,"可怕的；糟糕的",a.,"初中",B2
12028,terrific,"极好的",adj.,"初中",B1
12029,terrify,"使人感到恐怖",vt.,"初中",B1
12030,test,"vt.& n. 测试, 考查，试验","","初中",A2
12031,text,"文本，课文",n.,"初中",A2
12032,textbook,"课本，教科书",n.,"初中",B2
12033,than,"比",conj.,"初中",A2
12034,thank,"感谢，致谢，道谢 n.（复）感谢，谢意",vt.,"初中",A2
12035,thankful,"感谢的，感激的",a.,"初中",B2
12036,that,"a.& pron.那，那个 conj. 那，那个 ad. 那么，那样","","初中",A2
12037,the,"这（那）个,这（那）些",art.,"初中",A1
12038,"theatre (美theater)","剧场，戏院",n.,"初中",B2
12039,their,"他(她,它)们的",pron.,"初中",A2
12040,theirs,"他（她,它）们的",pron.,"初中",B1
12041,them,"他/她/它们（宾格）",pron.,"初中",A2
12042,theme,"主题",n.,"初中",B1
12043,themselves,"他/她/它们自己",pron.,"初中",B2
12044,then,"当时,那时,然后,那么",ad.,"初中",A2
12045,there,"那!你瞧! n. 那里,那儿 ad. 在那里,往那里",int.,"初中",A2
12046,these,"& pron. 这些",a.,"初中",A2
12047,they,"他（她）们；它们",pron.,"初中",A2
12048,thick,"厚的",a.,"初中",A2
12049,"thief (复thieves)","窃贼, 小偷",n.,"初中",B2
12050,thin,"薄的；瘦的；稀的",a.,"初中",A2
12051,thing,"东西；(复)物品，用品；事情，事件",n.,"初中",A2
12052,"think (thought, thought)","想；认为；考虑",v.,"初中",B2
12053,third,"第三",num.,"初中",A2
12054,thirst,"渴；口渴",n.,"初中",B1
12055,thirsty,"渴",a.,"初中",B1
12056,thirteen,"十三",num.,"初中",B2
12057,thirty,"三十",num.,"初中",B1
12058,this,"a.& pron.这，这个","","初中",A2
12059,those,"a.& pron. 那些","","初中",A2
12060,though,"虽然，可是",conj.,"初中",B1
12061,thought,"思考,思想;念头",n.,"初中",B1
12062,thousand,"千",num.,"初中",B2
12063,threaten,"威胁",v.,"初中",B1
12064,three,"三",num.,"初中",A2
12065,through,"穿（通）过;从始至终 ad. 穿(通)过;自始至终,全部",prep.,"初中",B1
12066,throw,"扔",v.,"初中",A2
12067,"throw(threw,thrown)","投,掷,扔",v.,"初中",B2
12068,Thursday,"星期四",n.,"初中",B2
12069,thus,"这样；因而",ad.,"初中",A2
12070,tick,"作记号 n. 记号,符号,滴答声",vt.,"初中",A2
12071,ticket,"票；卷",n.,"初中",B1
12072,tidy,"整洁的，干净的 vt. 弄整洁，弄干净",a.,"初中",A2
12073,tie,"vt.（用绳，线）系，拴，扎 n. 领带，绳子，结；关系","","初中",A1
12074,tiger,"老虎",n.,"初中",A2
12075,tighten,"使变紧",v.,"初中",B1
12076,till,"conj.& prep. 直到,直到…为止","","初中",A2
12077,time,"时间;时期;钟点,次,回 vt. 测定…的时间,记录…的时间",n.,"初中",A2
12078,tire,"使疲劳",vi.,"初中",A2
12079,tired,"疲劳的，累的",a.,"初中",A2
12080,title,"标题",n.,"初中",A2
12081,to,"给；对，向，到",prep.,"初中",A1
12082,today,"ad.& n. 今天;现在,当前","","初中",A2
12083,together,"一起，共同",ad.,"初中",B2
12084,toilet,"厕所",n.,"初中",B1
12085,Tokyo,"东京",n.,"初中",A2
12086,tomato,"西红柿，番茄",n.,"初中",B1
12087,tomb,"坟墓",n.,"初中",A2
12088,tomorrow,"& n. 明天",ad.,"初中",B2
12089,tongue,"舌，舌头",n.,"初中",B1
12090,tonight,"ad.& n. 今晚，今夜","","初中",B1
12091,too,"也,还,又,太,非常",ad.,"初中",A1
12092,tool,"工具，器具",n.,"初中",A2
12093,"tooth (复 teeth)","牙齿",n.,"初中",B2
12094,toothache,"牙痛",n.,"初中",B2
12095,toothbrush,"牙刷",n.,"初中",B2
12096,toothpaste,"牙膏",n.,"初中",B2
12097,top,"顶部,（物体的）上面",n.,"初中",A1
12098,topic,"话题",n.,"初中",A2
12099,total,"总数的;完全的 n./ v. 合计,总计",a.,"初中",A2
12100,touch,"触摸，接触",vt.,"初中",A2
12101,tough,"坚硬的；结实的；棘手的，难解的",a.,"初中",A2
12102,tour,"参观, 观光, 旅行",n.,"初中",A2
12103,tourism,"旅游业；观光",n.,"初中",B1
12104,tourist,"旅行者，观光者",vn.,"初中",B1
12105,toward(s),"向，朝，对于",prep.,"初中",B2
12106,towel,"毛巾",n.,"初中",A2
12107,tower,"塔",n.,"初中",A2
12108,town,"城镇，城",n.,"初中",A2
12109,toy,"玩具, 玩物",n.,"初中",A1
12110,track,"轨道；田径",n.,"初中",A2
12111,tractor,"拖拉机",n.,"初中",B1
12112,trade,"商业,贸易 vt. 交易",n.,"初中",A2
12113,tradition,"传统，风俗",n.,"初中",B2
12114,traditional,"传统的，风俗的，惯例的",a.,"初中",B2
12115,traffic,"交通，来往车辆",n.,"初中",B1
12116,train,"火车 v. 培训,训练",n.,"初中",A2
12117,trainer,"训练人；教练",n.,"初中",B1
12118,training,"培训",n.,"初中",B2
12119,translate,"翻译",vt.,"初中",B2
12120,translation,"翻译",n.,"初中",B1
12121,transport,"运输",v.,"初中",B1
12122,transportation,"交通",n.,"初中",B1
12123,trap,"陷阱 vt. 使陷入困境",n.,"初中",A2
12124,travel,"n.& vi. 旅行","","初中",B1
12125,traveler,"旅行者",n.,"初中",B2
12126,treat,"对待，看待",vt.,"初中",A2
12127,treatment,"对待；治疗",n.,"初中",B1
12128,tree,"树",n.,"初中",A2
12129,trip,"旅行，旅程",n.,"初中",A2
12130,trouble,"使苦恼,使忧虑,使麻烦 n. 问题,疾病,烦恼,麻烦",vt.,"初中",B1
12131,trousers,"裤子，长裤",n.,"初中",B2
12132,truck,"卡车, 运货车；车皮",n.,"初中",A2
12133,true,"真的，真实的；忠诚的",a.,"初中",A2
12134,trust,"信任",v.,"初中",B1
12135,truth,"真理,事实,真相,实际",n.,"初中",A2
12136,try,"试，试图，努力",v.,"初中",A1
12137,tsunami,"海啸",n.,"初中",B1
12138,Tuesday,"星期二",n.,"初中",B1
12139,turkey,"火鸡",n.,"初中",B1
12140,turn,"旋转，翻转，转变，转弯 n. 轮流，顺序",v.,"初中",A2
12141,turning,"拐弯处，拐角处",n.,"初中",B1
12142,"TV(缩) = television","电视机",n.,"初中",B2
12143,twelfth,"第十二",num.,"初中",B1
12144,twelve,"十二",num.,"初中",B1
12145,twenty,"二十",num.,"初中",B1
12146,twenty-first,"第二十一",num.,"初中",B2
12147,twenty-one,"二十一",num.,"初中",B2
12148,twice,"两次；两倍",ad.,"初中",A2
12149,twin,"双胞胎之一",n.,"初中",A2
12150,two,"二",num.,"初中",A1
12151,type,"打字 n. 种类,类型",vt.,"初中",A2
12152,"U.N./ UN(缩) = the United Nations","联合国",n.,"初中",B2
12153,umbrella,"雨伞",n.,"初中",B2
12154,uncle,"叔,伯,舅,姑夫,姨父",n.,"初中",A2
12155,under,"ad.& prep. 在…下面，向…下面","","初中",A2
12156,underground,"地下的 n. 地铁",a.,"初中",B2
12157,understand,"理解",v.,"初中",A2
12158,"understand (understood, understood)","懂得;明白;理解",v.,"初中",B2
12159,understanding,"领会;理解",n.,"初中",B2
12160,unemployment,"失业",n.,"初中",B1
12161,unfair,"不公平的，不公正的",a.,"初中",B1
12162,unfortunately,"不幸地",adv.,"初中",B1
12163,unit,"单元，单位",n.,"初中",A2
12164,universe,"宇宙",n.,"初中",B2
12165,university,"大学",n.,"初中",B2
12166,unknown,"不知道的",a.,"初中",B1
12167,unless,"如果不，除非",conj.,"初中",B1
12168,unlike,"不像，和…不同",prep.,"初中",B1
12169,until,"prep.& conj. 直到…为止","","初中",A2
12170,unusual,"不平常的，异常的",a.,"初中",B1
12171,up,"向上;在上方 prep. 向(高处);向(在)…上(面)游",ad.,"初中",A1
12172,upload,"上传",v.,"初中",A2
12173,upon,"在…上面",prep.,"初中",A2
12174,upstairs,"在楼上，到楼上",ad.,"初中",B2
12175,urgent,"紧急的",adj.,"初中",B1
12176,use,"利用,使用,应用 n. [juːs] 用法,应用,运用",vt.,"初中",A1
12177,used,"用过的;旧的;二手的",a.,"初中",A2
12178,useful,"有用的，有益的",a.,"初中",B1
12179,useless,"无用的",a.,"初中",B1
12180,user,"使用者；用户",n.,"初中",A2
12181,usual,"通常的，平常的",a.,"初中",A2
12182,usually,"通常，经常",ad.,"初中",B1
12183,vacation,"假期",n.,"初中",A2
12184,valley,"山谷, 溪谷",n.,"初中",B1
12185,valuable,"有价值的",adj.,"初中",B1
12186,value,"价值",n.,"初中",B1
12187,variety,"多样性",n.,"初中",B1
12188,vegetable,"蔬菜",n.,"初中",B2
12189,very,"很，非常",ad.,"初中",A2
12190,victim,"受害者，牺牲品",n.,"初中",B1
12191,video,"录像，视频",n.,"初中",A2
12192,village,"村庄，乡村",n.,"初中",B1
12193,villager,"村民",n.,"初中",B2
12194,violent,"暴力的",adj.,"初中",B1
12195,violin,"小提琴",n.,"初中",B1
12196,virus,"病毒",n.,"初中",B1
12197,visa,"签证",n.,"初中",B1
12198,visible,"可见的",adj.,"初中",B1
12199,visit,"n.& vt. 参观，访问，拜访","","初中",A2
12200,visitor,"访问者，参观者",n.,"初中",B1
12201,voice,"说话声; 语态",n.,"初中",A2
12202,volcano,"火山",n.,"初中",B1
12203,volleyball,"排球",n.,"初中",B2
12204,voluntary,"自愿的",adj.,"初中",B1
12205,volunteer,"志愿者",n.,"初中",B1
12206,wait,"等，等候",vi.,"初中",A2
12207,"wake (woke, woken)","醒来,叫醒",v.,"初中",B2
12208,walk,"n.& v. 步行；散步","","初中",A2
12209,wallet,"(放钱,证件等的)皮夹",n.,"初中",B1
12210,want,"想,想要,需要,必要",vt.,"初中",A2
12211,war,"战争",n.,"初中",A1
12212,warm,"暖和的,温暖的;热情的",a.,"初中",A2
12213,warn,"警告",v.,"初中",B1
12214,warning,"警报",n.,"初中",B1
12215,washroom,"盥洗室",n.,"初中",B2
12216,waste,"n.& vt. 浪费","","初中",A2
12217,watch,"观看，注视；当心，注意 n. 手表，表",vt.,"初中",A2
12218,water,"水v. 浇水",n.,"初中",A2
12219,wave,"n.（热、光、声等的）波，波浪 v. 挥手，挥动，波动","","初中",A2
12220,way,"路，路线；方式，手段",n.,"初中",A1
12221,we,"我们",pron.,"初中",A1
12222,weak,"差的，弱的，淡的",a.,"初中",A2
12223,weaken,"削弱",v.,"初中",B1
12224,wealthy,"富有的",adj.,"初中",B1
12225,"wear (wore, worn)","穿，戴",v.,"初中",B2
12226,weather,"天气",n.,"初中",B1
12227,website,"网站",n.,"初中",A2
12228,Wednesday,"星期三",n.,"初中",B2
12229,week,"星期，周",n.,"初中",A2
12230,weekday,"平日,工作日",n.,"初中",B1
12231,weekend,"周末",n.,"初中",B1
12232,weigh,"称…的重量，重（若干）",vt.,"初中",A2
12233,weight,"重，重量",n.,"初中",B1
12234,welcome,"int.n. & v. 欢迎 a. 受欢迎的","","初中",B1
12235,well,"(better, best) ad. 好 a.好的,健康的 int. 好吧,那么,哎呀 n. 井","","初中",A2
12236,well-known,"出名,众所周知的",a.,"初中",B2
12237,west,"(在)西；向西,从西来的 ad. 在西方,向西方 n. 西部；西方",a.,"初中",A2
12238,western,"西方的，西部的",a.,"初中",B1
12239,westerner,"西方人",n.,"初中",B2
12240,westwards,"向西",ad.,"初中",B2
12241,wet,"湿的,潮的,多雨的",a.,"初中",A1
12242,what,"什么,怎么样 a. 多么，何等；什么",pron.,"初中",A2
12243,whatever,"& pron. 无论什么，不管什么",conj.,"初中",B2
12244,wheat,"小麦",n.,"初中",A2
12245,wheel,"轮，机轮",n.,"初中",A2
12246,when,"当…的时候 ad. 什么时候，何时",conj.,"初中",A2
12247,whenever,"每当，无论何时",conj.,"初中",B2
12248,where,"在哪里；往哪里",ad.,"初中",A2
12249,wherever,"无论在哪里",conj.,"初中",B2
12250,whether,"是否",conj.,"初中",B1
12251,which,"哪一个；哪些",pron.,"初中",A2
12252,whichever,"无论哪个;无论哪些",pron.,"初中",B2
12253,while,"在…的时候,和…同时 n. 一会儿，一段时间",conj.,"初中",A2
12254,white,"白色的 n. 白色",a.,"初中",A2
12255,who,"谁",pron.,"初中",A1
12256,whole,"整个的",a.,"初中",A2
12257,whom,"(who的宾格 )",pron.,"初中",A2
12258,whose,"谁的",pron.,"初中",A2
12259,why,"ad./ int. 为什么, 你难道不知道（表示反驳、不耐烦等）","","初中",A1
12260,wide,"宽阔的",a.,"初中",A2
12261,widen,"加宽",v.,"初中",B1
12262,wife,"妻子",n.,"初中",A2
12263,will,"意志, 遗嘱",n.,"初中",A2
12264,"will (would)","将,会(表示将来)；愿意，要",v.,"初中",B2
12265,"win (won, won)","获胜，赢得 ",n.,"初中",B2
12266,"wind (wound,wound)","缠，连带；蜿蜒，弯曲 n. 风",vt.,"初中",B2
12267,window,"窗户；计算机的窗",n.,"初中",B1
12268,windy,"有风的，多风的",a.,"初中",A2
12269,wine,"酒",n.,"初中",A2
12270,winner,"获胜者",n.,"初中",B1
12271,winter,"冬天，冬季",n.,"初中",B1
12272,wish,"愿望，祝愿 vt. 希望，想要，祝愿",n.,"初中",A2
12273,without,"没有",prep.,"初中",B1
12274,"woman (复women)","妇女，女人",n.,"初中",B2
12275,wonder,"对…疑惑，感到惊奇,想知道 n. 惊讶,惊叹;奇迹",v.,"初中",B1
12276,wonderful,"美妙的，精彩的；了不起的；太好了",a.,"初中",B2
12277,wooden,"木制的",adj.,"初中",B1
12278,wool,"l n. 羊毛，羊绒","","初中",A2
12279,woolen,"羊毛的，羊毛制的",a.,"初中",B1
12280,word,"词，单词；话",n.,"初中",A2
12281,work,"工作,劳动,事情 vi. 工作;(机器、器官等)运转,活动",n.,"初中",A2
12282,worker,"工人；工作者",n.,"初中",B1
12283,workplace,"工作场所，车间",n.,"初中",B2
12284,works,"著作，作品",n.,"初中",A2
12285,world,"世界",n.,"初中",A2
12286,worldwide,"全世界的",adj./adv.,"初中",B1
12287,worm,"软体虫,蠕虫(尤指蚯蚓)",n.,"初中",A2
12288,worried,"担心的，烦恼的",a.,"初中",B1
12289,worry,"n.& v. 烦恼,担忧,发怒,困扰","","初中",A2
12290,worse,"(bad的比较级)更坏的",a.,"初中",A2
12291,worsen,"使恶化",v.,"初中",B1
12292,worst,"(bad的最高级)最坏的",a.,"初中",A2
12293,worth,"有…的价值,值得…的",a.,"初中",A2
12294,worthless,"无价值的",adj.,"初中",B1
12295,would,"modal v.（will的过去时）将会,打算,想要,过去常常","","初中",A2
12296,wound,"vt.伤,伤害 n. 创伤,伤口","","初中",A2
12297,wounded,"受伤的",a.,"初中",B1
12298,wrap,"包裹",v.,"初中",B1
12299,write,"(wrote, written) v. 写，书写；写作，著述","","初中",A2
12300,written,"书面的",adj.,"初中",A2
12301,wrong,"错误,不正常,有毛病的",a.,"初中",A2
12302,X-ray,"X射线；X光",n.,"初中",A2
12303,yard,"码；院子；场地",n.,"初中",A2
12304,year,"年",n.,"初中",A2
12305,yellow,"黄色的",a.,"初中",B1
12306,yes,"是，好，同意",ad.,"初中",A1
12307,yesterday,"n.& ad. 昨天","","初中",B2
12308,yet,"尚，还，仍然",ad.,"初中",A1
12309,you,"你；你们",pron.,"初中",A1
12310,young,"年轻的",a.,"初中",A2
12311,your,"你的；你们的",pron.,"初中",A2
12312,yours,"你的；你们的",pron.,"初中",A2
12313,yourself,"你自己",pron.,"初中",B2
12314,yourselves,"你们自己",pron.,"初中",B2
12315,youth,"青春；青年",n.,"初中",A2
12316,zero,"& num. 零,零度,零点",n.,"初中",A2
12317,zoo,"动物园",n.,"初中",A1
20001,"a (an)","一（个、件……）",art.,"高中",B1
20002,abandon,"放弃；遗弃",v.,"高中",B2
20003,ability,"能力;才能",n.,"高中",B1
20004,able,"能够;有能力的",a.,"高中",A2
20005,abnormal,"不正常的",adj.,"高中",B2
20006,aboard,"在船/飞机/火车上",adv./prep.,"高中",B2
20007,abolish,"废除",v.,"高中",C1
20008,abortion,"流产；堕胎",n.,"高中",C1
20009,about,"大约;到处;四处 prep. 关于;在各处;四处",ad.,"高中",A2
20010,above,"在…上面 a. 上面的 ad. 在…之上",prep.,"高中",A2
20011,abroad,"到（在）国外",ad.,"高中",B1
20012,abrupt,"突然的",adj.,"高中",B2
20013,absence,"缺席；不在",n.,"高中",B2
20014,absorb,"吸收；吸引",v.,"高中",B2
20015,abstract,"抽象的；摘要",adj./n.,"高中",B2
20016,abundant,"丰富的",adj.,"高中",B2
20017,abuse,"滥用；虐待",v./n.,"高中",B2
20018,accelerate,"加速",v.,"高中",B2
20019,accept,"接受",vt.,"高中",B1
20020,access,"通道；进入；使用权",n./v.,"高中",B2
20021,accessible,"可接近的；可使用的",adj.,"高中",B2
20022,accident,"事故,意外",n.,"高中",B2
20023,accommodation,"住宿；适应",n.,"高中",B2
20024,accompany,"陪伴；伴随",v.,"高中",B2
20025,accomplish,"完成；实现",v.,"高中",B2
20026,account,"账户；描述；解释",n./v.,"高中",B2
20027,accountant,"会计师",n.,"高中",B2
20028,accumulate,"积累",v.,"高中",B2
20029,accuracy,"准确性",n.,"高中",B2
20030,accuse,"指控",v.,"高中",B2
20031,accustomed,"习惯的",adj.,"高中",B2
20032,acknowledge,"承认；感谢",v.,"高中",B2
20033,acquaintance,"熟人",n.,"高中",B2
20034,acquire,"获得；习得",v.,"高中",B2
20035,acquisition,"获得；习得",n.,"高中",B2
20036,across,"prep./ad. 横过;穿过;另一边,在对面","","高中",B1
20037,act,"法令，条例 v. 行动,（戏）表演,扮演（角色）",n.,"高中",A1
20038,action,"行动,行为,举动",n.,"高中",B1
20039,active,"积极的，主动的",a.,"高中",B1
20040,activity,"活动",n.,"高中",B2
20041,acute,"急性的；敏锐的",adj.,"高中",B2
20042,adapt,"适应；改编",v.,"高中",B2
20043,adaptation,"适应；改编",n.,"高中",B2
20044,addict,"使上瘾",v.,"高中",B2
20045,addicted,"上瘾的",adj.,"高中",B2
20046,adequate,"足够的；适当的",adj.,"高中",B2
20047,adjust,"调整；适应",v.,"高中",B2
20048,adjustment,"调整",n.,"高中",B2
20049,administration,"管理；行政",n.,"高中",B2
20050,admirable,"令人钦佩的",adj.,"高中",B2
20051,admission,"准许进入；承认",n.,"高中",B2
20052,adolescent,"青少年",n./adj.,"高中",B2
20053,adopt,"采纳；收养",v.,"高中",B2
20054,adore,"崇拜；喜爱",v.,"高中",B2
20055,advantage,"优点；好处,有利条件",n.,"高中",B2
20056,advertisement,"广告",n.,"高中",B2
20057,advice,"忠告，劝告，建议",n.,"高中",B1
20058,advocate,"提倡；倡导者",v./n.,"高中",B2
20059,affair,"事务；事件",n.,"高中",B2
20060,affection,"喜爱；感情",n.,"高中",B2
20061,afford,"负担得起（…的费用）；抽得出（时间）；提供",vt.,"高中",B1
20062,afraid,"害怕的；担心",a.,"高中",B1
20063,Africa,"非洲",n.,"高中",B1
20064,after,"在后；后来 prep. 在…之后 conj. 在…以后",ad.,"高中",A2
20065,afternoon,"下午，午后",n.,"高中",B2
20066,again,"再一次；再，又",ad.,"高中",A2
20067,against,"对着,反对,倚靠",prep.,"高中",B1
20068,age,"年龄；时代",n.,"高中",A1
20069,agency,"代理机构",n.,"高中",B2
20070,agenda,"议程",n.,"高中",B2
20071,aggressive,"侵略的；好斗的",adj.,"高中",B2
20072,ago,"以前",ad.,"高中",A1
20073,agree,"同意",v.,"高中",A2
20074,agriculture,"农业",n.,"高中",B2
20075,air,"空气；大气",n.,"高中",A1
20076,aircraft,"飞机 (单复数同)",n.,"高中",B2
20077,airline,"航空公司;航空系统;航线",n.,"高中",B1
20078,airplane,"（美）飞机",n.,"高中",B2
20079,airport,"航空站,飞机场",n.,"高中",B1
20080,alarm,"警报；使惊恐",n./v.,"高中",B2
20081,album,"相册；专辑",n.,"高中",B2
20082,alien,"外国的；外星人",adj./n.,"高中",B2
20083,alike,"很相似地，同样地",ad.,"高中",A2
20084,alive,"活着的，存在的",a.,"高中",A2
20085,all,"全部地 a. 全（部）;所有的;总;整 pron. 全部;全体",ad.,"高中",A1
20086,allocate,"分配",v.,"高中",B2
20087,allow,"允许，准许",vt.,"高中",A2
20088,allowance,"津贴；零用钱",n.,"高中",B2
20089,almost,"几乎，差不多",ad.,"高中",B1
20090,alone,"单独的，孤独的",a.,"高中",A2
20091,along,"向前；和…一起；一同 prep. 沿着；顺着",ad.,"高中",A2
20092,alongside,"在……旁边",prep./adv.,"高中",B2
20093,already,"已经",ad.,"高中",B1
20094,also,"也",ad.,"高中",A2
20095,alternative,"替代的；选择",adj./n.,"高中",B2
20096,although,"虽然，尽管",conj.,"高中",B2
20097,altitude,"海拔",n.,"高中",B2
20098,always,"总是；一直；永远",ad.,"高中",B1
20099,amateur,"业余的",adj./n.,"高中",B2
20100,amaze,"惊奇，惊叹；震惊",v.,"高中",A2
20101,amazing,"惊叹的;震惊的;令人惊讶的",a.,"高中",B1
20102,ambassador,"大使",n.,"高中",B2
20103,ambiguous,"模糊的",adj.,"高中",B2
20104,ambition,"雄心；抱负",n.,"高中",B2
20105,ambitious,"有雄心的",adj.,"高中",B2
20106,America,"美国；美洲",n.,"高中",B1
20107,American,"美国的；美国人的 n. 美国人",a.,"高中",B2
20108,among,"在…中间；在（三个以上）之间",prep.,"高中",A2
20109,ample,"充足的",adj.,"高中",B2
20110,amuse,"逗乐",v.,"高中",B2
20111,analyse,"分析",v.,"高中",B2
20112,analysis,"分析",n.,"高中",B2
20113,ancestor,"祖先",n.,"高中",B2
20114,anchor,"锚；主持人",n./v.,"高中",B2
20115,and,"和；又",conj.,"高中",A1
20116,anecdote,"轶事",n.,"高中",B2
20117,angel,"天使,守护神",n.,"高中",A2
20118,angle,"角度",n.,"高中",B2
20119,angry,"生气的，愤怒的",a.,"高中",A2
20120,animal,"动物",n.,"高中",B1
20121,anniversary,"周年纪念日",n.,"高中",B2
20122,annual,"年度的",adj.,"高中",B2
20123,another,"再一；另一；别的 pron. 另一个",a.,"高中",B1
20124,answer,"回答,答复;答案 v. 回答,答复;（作出）答案",n.,"高中",B1
20125,anticipate,"预期",v.,"高中",B2
20126,antique,"古董",n./adj.,"高中",B2
20127,any,"任何的;（用于疑问句、否定句）一些；什么",pron.,"高中",A1
20128,anyhow,"不管怎样",ad.,"高中",B1
20129,anyone,"任何人，无论谁",pron.,"高中",B1
20130,anything,"什么事（物）；任何事（物）",pron.,"高中",B2
20131,anywhere,"任何地方",ad.,"高中",B2
20132,apart,"分开；相隔",adv.,"高中",B2
20133,apartment,"公寓",n.,"高中",B2
20134,apologize,"道歉，谢罪",vi.,"高中",B2
20135,apology,"道歉；歉意",n.,"高中",B1
20136,apparent,"明显的",adj.,"高中",B2
20137,appeal,"呼吁；吸引",v./n.,"高中",B2
20138,appetite,"食欲；胃口",n.,"高中",B2
20139,applaud,"鼓掌",v.,"高中",B2
20140,apple,"苹果",n.,"高中",A2
20141,applicant,"申请人",n.,"高中",B2
20142,application,"申请；应用",n.,"高中",B2
20143,appoint,"任命；约定",v.,"高中",B2
20144,appreciate,"欣赏；感激",v.,"高中",B2
20145,approach,"接近；方法",v./n.,"高中",B2
20146,appropriate,"适当的",adj.,"高中",B2
20147,approve,"批准；赞成",v.,"高中",B2
20148,approximately,"大约",adv.,"高中",B2
20149,April,"4月",n.,"高中",A2
20150,Arab,"阿拉伯的 n. 阿拉伯人",a.,"高中",A2
20151,architect,"建筑师",n.,"高中",B2
20152,architecture,"建筑学",n.,"高中",B2
20153,area,"面积；地域，区域；范围，领域",n.,"高中",A2
20154,arise,"出现；产生",v.,"高中",B2
20155,arithmetic,"算术",n.,"高中",B2
20156,arm,"臂,支架,（美）武器,武力",n.,"高中",A1
20157,army,"军队",n.,"高中",A2
20158,around,"在周围；在附近 prep. 在…周围；大约",ad.,"高中",B1
20159,arouse,"唤起",v.,"高中",B2
20160,arrange,"安排",v.,"高中",B2
20161,array,"一系列；排列",n./v.,"高中",B2
20162,arrest,"逮捕",v./n.,"高中",B2
20163,arrive,"到达；达到",vi.,"高中",B1
20164,arrow,"箭；箭头",n.,"高中",A2
20165,art,"艺术，美术；技艺",n.,"高中",A1
20166,article,"文章;物品;冠词",n.,"高中",B1
20167,artificial,"人造的",adj.,"高中",B2
20168,artist,"艺术家,美术家",n.,"高中",B1
20169,as,"ad.& conj. 像…一样;当…时；如同；因为 prep. 作为，当做","","高中",A1
20170,ashamed,"羞愧的",adj.,"高中",B2
20171,Asia,"亚洲",n.,"高中",A2
20172,Asian,"亚洲（人）的 n. 亚洲人",a.,"高中",A2
20173,aside,"在旁边",adv.,"高中",B2
20174,ask,"问；请求，要求；邀请",v.,"高中",A1
20175,asleep,"睡着的，熟睡",a.,"高中",B1
20176,aspect,"方面",n.,"高中",B2
20177,assess,"评估",v.,"高中",B2
20178,assessment,"评估",n.,"高中",B2
20179,asset,"资产",n.,"高中",B2
20180,assign,"分配；指派",v.,"高中",B2
20181,assistant,"助手，助理",n.,"高中",B2
20182,associate,"联系；关联",v./n.,"高中",B2
20183,association,"协会；联系",n.,"高中",B2
20184,assume,"假设；承担",v.,"高中",B2
20185,assumption,"假设",n.,"高中",B2
20186,astonish,"使惊讶",v.,"高中",B2
20187,astronaut,"宇航员",n.,"高中",B2
20188,astronomy,"天文学",n.,"高中",B2
20189,at,"在（几点钟）;在（某处）",prep.,"高中",A1
20190,athlete,"运动员",n.,"高中",B2
20191,atmosphere,"气氛；大气",n.,"高中",B2
20192,attach,"附上；连接",v.,"高中",B2
20193,attack,"/ n. 攻击，袭击",vt.,"高中",B1
20194,attain,"达到；获得",v.,"高中",B2
20195,attempt,"尝试；企图",v./n.,"高中",B2
20196,attend,"看护，照料，服侍；出席，参加",v.,"高中",B1
20197,attention,"注意，关心",n.,"高中",B2
20198,attitude,"态度",n.,"高中",B2
20199,attract,"吸引，引起",v.,"高中",B1
20200,attribute,"属性；归因于",n./v.,"高中",B2
20201,August,"8月",n.,"高中",B1
20202,aunt,"伯母；舅母；婶；姑；姨",n.,"高中",A2
20203,Australia,"澳洲；澳大利亚",n.,"高中",B2
20204,Australian,"澳洲的，澳大利亚人的 n. 澳大利亚人",a.,"高中",B2
20205,authentic,"真实的",adj.,"高中",B2
20206,authority,"权威；当局",n.,"高中",B2
20207,automatic,"自动的",adj.,"高中",B2
20208,autonomous,"自治的",adj.,"高中",B2
20209,autumn,"秋天，秋季",n.,"高中",B1
20210,available,"可用的",adj.,"高中",B2
20211,avenue,"大街",n.,"高中",B2
20212,"awake (awoke, awoken)","唤醒 a. 醒着的",v.,"高中",B2
20213,award,"奖品；授予",n./v.,"高中",B2
20214,aware,"意识到的",adj.,"高中",B2
20215,away,"离开；远离",ad.,"高中",A2
20216,awesome,"令人敬畏的",adj.,"高中",B2
20217,awkward,"尴尬的",adj.,"高中",B2
20218,baby,"婴儿",n.,"高中",A2
20219,bachelor,"学士；单身汉",n.,"高中",B2
20220,back,"回（原处）；向后 a. 后面的 n. 背后，后部；背",ad.,"高中",A2
20221,background,"背景",n.,"高中",B2
20222,backward,"向后的",adj./adv.,"高中",B2
20223,bacon,"培根",n.,"高中",B2
20224,bacterium,"细菌",n.,"高中",B2
20225,"bad (worse, worst)","坏的；有害的，不利的；严重的",a.,"高中",B2
20226,badly,"坏，恶劣地",ad.,"高中",A2
20227,badminton,"羽毛球",n.,"高中",B2
20228,baggage,"行李",n.,"高中",B2
20229,bake,"烤； 烘（面包）",v.,"高中",A2
20230,bakery,"面包店",n.,"高中",B2
20231,balance,"平衡",n./v.,"高中",B2
20232,balcony,"阳台",n.,"高中",B2
20233,ball,"球 n. 舞会",n.,"高中",A2
20234,ballet,"芭蕾舞",n.,"高中",B2
20235,balloon,"气球",n.,"高中",B1
20236,bamboo,"竹子",n.,"高中",B1
20237,ban,"禁止",v./n.,"高中",B2
20238,banana,"香蕉",n.,"高中",B1
20239,band,"乐队,波段,一伙,一帮,带(状物)",n.,"高中",A2
20240,bang,"砰",int.,"高中",A2
20241,bank,"n.（河海湖的）岸，堤, 银行","","高中",A2
20242,bankrupt,"破产的",adj.,"高中",B2
20243,banner,"横幅",n.,"高中",B2
20244,bar,"酒吧；条",n.,"高中",B2
20245,bare,"赤裸的",adj.,"高中",B2
20246,barely,"几乎不",adv.,"高中",B2
20247,bargain,"讨价还价；便宜货",v./n.,"高中",B2
20248,bark,"吠叫",v./n.,"高中",B2
20249,barrier,"障碍",n.,"高中",B2
20250,base,"根据地,基地,（棒球）垒",n.,"高中",A2
20251,baseball,"棒球",n.,"高中",B2
20252,basement,"地下室",n.,"高中",B2
20253,basis,"基础",n.,"高中",B2
20254,basket,"篮子",n.,"高中",B1
20255,basketball,"篮球",n.,"高中",B2
20256,bat,"蝙蝠；球拍",n.,"高中",B2
20257,bath,"洗澡；浴室；澡盆",n.,"高中",A2
20258,battery,"电池",n.,"高中",B2
20259,battle,"战斗",n./v.,"高中",B2
20260,bay,"海湾",n.,"高中",B2
20261,be,"是 (am, is, are, was, were, being, been)；成为",v.,"高中",A1
20262,beach,"海滨，海滩",n.,"高中",A2
20263,beam,"光束；微笑",n./v.,"高中",B2
20264,bean,"豆",n.,"高中",B2
20265,bear,"承受，负担，承担；忍受；容忍 n. 熊",v.,"高中",A2
20266,beard,"胡须",n.,"高中",B2
20267,beast,"野兽",n.,"高中",B2
20268,"beat (beat, beaten)","敲打；跳动；打赢 n.（音乐）节拍",v.,"高中",B2
20269,beautiful,"美，美丽，美观的",a.,"高中",B2
20270,because,"因为",conj.,"高中",B1
20271,"become (became, be come)","变得；成为",v.,"高中",B2
20272,bed,"床",n.,"高中",A1
20273,bedroom,"寝室，卧室",n.,"高中",B1
20274,bee,"蜜蜂",n.,"高中",A1
20275,beef,"牛肉",n.,"高中",A2
20276,beer,"啤酒",n.,"高中",A2
20277,before,"在…以前；在…前面 ad. 以前 conj. 在…之前",prep.,"高中",B1
20278,beg,"请求，乞求，乞讨 ",v.,"高中",A1
20279,beginning,"开始，开端",n.,"高中",B2
20280,behalf,"代表",n.,"高中",B2
20281,behave,"表现",v.,"高中",B2
20282,behaviour,"行为",n.,"高中",B2
20283,behind,"(表示位置)在…后面 ad. 在后面；向后",prep.,"高中",B1
20284,believe,"相信，认为",v.,"高中",B1
20285,bell,"钟,铃;钟(铃)声;钟形物",n.,"高中",A2
20286,belongings,"财物",n.,"高中",B2
20287,below,"在…下面",prep.,"高中",A2
20288,bend,"弯曲",v./n.,"高中",B2
20289,beneath,"在……下面",prep.,"高中",B2
20290,benefit,"利益；有益于",n./v.,"高中",B2
20291,beside,"在…旁边；靠近",prep.,"高中",B1
20292,besides,"除…以外（还有） ad. 还有，此外",prep.,"高中",B1
20293,best-seller,"畅销书",n.,"高中",B2
20294,bet,"打赌",v./n.,"高中",B2
20295,betray,"背叛",v.,"高中",B2
20296,"better (good, well的比较级)","a.& ad. 更好的,更好地；更,更多 n. 较好的事物between [bɪˈtwiːn] prep. 在（两者）之间；在…中间","","高中",B2
20297,beyond,"超越",prep./adv.,"高中",B2
20298,bicycle,"自行车",n.,"高中",B1
20299,bid,"出价；投标",v./n.,"高中",B2
20300,big,"大的",a.,"高中",A1
20301,"bike = bicycle","自行车",n.,"高中",B2
20302,billion,"十亿",num.,"高中",B1
20303,bind,"捆绑；约束",v.,"高中",B2
20304,biography,"传记",n.,"高中",B2
20305,biology,"生物（学）",n.,"高中",B1
20306,bird,"鸟",n.,"高中",A2
20307,birth,"出生；诞生",n.,"高中",A2
20308,birthday,"生日",n.,"高中",B2
20309,bit,"一点，一些，少量的",n.,"高中",A1
20310,bitter,"苦的；痛苦的",adj.,"高中",B2
20311,black,"黑色 a. 黑色的",n.,"高中",A2
20312,blackboard,"黑板",n.,"高中",B2
20313,blade,"刀刃",n.,"高中",B2
20314,blame,"责备",v./n.,"高中",B2
20315,blank,"n.& a. 空格，空白（处）；空的；茫然无表情的","","高中",A2
20316,blanket,"毯子",n.,"高中",B2
20317,blast,"爆炸；一阵",n./v.,"高中",B2
20318,bleed,"流血",v.,"高中",B2
20319,blend,"混合",v./n.,"高中",B2
20320,bless,"祝福",v.,"高中",B2
20321,blind,"瞎的",a.,"高中",A2
20322,block,"街区；块；阻塞",n./v.,"高中",B2
20323,bloom,"开花",v./n.,"高中",B2
20324,blossom,"花；开花",n./v.,"高中",B2
20325,blouse,"宽罩衫；（妇女、儿童穿的）短上衣",n.,"高中",B1
20326,blow,"吹；打击",v./n.,"高中",B2
20327,"blow (blew, blown)","吹；刮风；吹气 n. 击；打击",v.,"高中",B2
20328,blue,"蓝色 a. 蓝色的 a. 悲伤的；沮丧的",n.,"高中",A2
20329,board,"木板；布告牌;（政府的）部 v. 上（船、火车、飞机）",n.,"高中",A2
20330,boast,"吹嘘",v./n.,"高中",B2
20331,boat,"小船，小舟",n.,"高中",A2
20332,boating,"划船（游玩），泛舟",n.,"高中",B1
20333,bold,"大胆的；粗体的",adj.,"高中",B2
20334,bomb,"炸弹",n.,"高中",B2
20335,bond,"纽带；债券",n.,"高中",B2
20336,bonus,"奖金",n.,"高中",B2
20337,book,"书；本子 v. 预定，定（房间、车票等）",n.,"高中",A2
20338,bookmark,"书签",n.,"高中",B2
20339,bookstore,"书店",n.,"高中",B2
20340,boom,"/ v. 繁荣，轰鸣，激增",n.,"高中",A2
20341,boost,"促进；提高",v./n.,"高中",B2
20342,boot,"长筒靴；靴",n.,"高中",A2
20343,border,"边界",n.,"高中",B2
20344,born,"出生的",a.,"高中",A2
20345,both,"两；双 pron. 两者；双方",a.,"高中",A2
20346,bother,"打扰",v.,"高中",B2
20347,bottle,"瓶子",n.,"高中",B1
20348,bottom,"底部；底",n.,"高中",B1
20349,bounce,"弹跳",v./n.,"高中",B2
20350,bound,"一定会；跳跃",adj./v.,"高中",B2
20351,boundary,"界限",n.,"高中",B2
20352,bow,"鞠躬；弓",v./n.,"高中",B2
20353,bowl,"碗",n.,"高中",A2
20354,box,"盒子，箱子",n.,"高中",A1
20355,boy,"男孩",n.,"高中",A1
20356,brain,"脑（子）",n.,"高中",A2
20357,brand,"品牌",n.,"高中",B2
20358,bravery,"勇敢",n.,"高中",B2
20359,bread,"面包",n.,"高中",A2
20360,"break (broke, broken)","间隙,中断,暂停 v. 打破（断，碎）",n.,"高中",B2
20361,breakfast,"早餐",n.,"高中",B2
20362,breakthrough,"突破",n.,"高中",B2
20363,breast,"胸部",n.,"高中",B2
20364,breathe,"呼吸",vi.,"高中",B1
20365,breed,"繁殖；品种",v./n.,"高中",B2
20366,breeze,"微风",n.,"高中",B2
20367,bridge,"桥",n.,"高中",B1
20368,brief,"简短的",adj.,"高中",B2
20369,briefly,"简短地",adv.,"高中",B2
20370,bright,"明亮的；聪明的",a.,"高中",B1
20371,brilliant,"杰出的；明亮的",adj.,"高中",B2
20372,"bring (brought, brought)","拿来，带来，取来",vt.,"高中",B2
20373,Britain,"英国；不列颠",n.,"高中",B1
20374,British,"英国的；大不列颠的；英国人的",a.,"高中",B1
20375,broadcast,"/v. 广播",n.,"高中",B2
20376,brochure,"小册子",n.,"高中",B2
20377,broken,"弄坏了的",a.,"高中",B1
20378,broom,"扫帚",n.,"高中",A2
20379,brother,"兄；弟",n.,"高中",B1
20380,brotherhood,"兄弟般的关系",n.,"高中",B2
20381,brown,"褐色，棕色 a. 褐色的，棕色的",n.,"高中",A2
20382,browse,"浏览",v.,"高中",B2
20383,brush,"刷；擦 n. 刷子",v.,"高中",A2
20384,budget,"预算",n./v.,"高中",B2
20385,buffet,"自助餐",n.,"高中",B2
20386,"build (built, built)","建筑；造",v.,"高中",B2
20387,building,"建筑物；房屋；大楼",n.,"高中",B2
20388,bulb,"灯泡",n.,"高中",B2
20389,bulk,"大量",n.,"高中",B2
20390,bullet,"子弹",n.,"高中",B2
20391,bunch,"束；群",n.,"高中",B2
20392,burden,"负担",n./v.,"高中",B2
20393,bureau,"局；办事处",n.,"高中",B2
20394,"burn (-ed, -ed / burnt, burnt)","燃烧,着火;使烧焦;使晒黑 n. 烧伤;晒伤",v.,"高中",B2
20395,burst,"爆发；破裂",v./n.,"高中",B2
20396,bury,"埋；葬",vt.,"高中",A2
20397,bus,"公共汽车",n.,"高中",A1
20398,"businessman (pl. businessmen)","商人（男）；男企业家",n.,"高中",B2
20399,busy,"忙（碌）的",a.,"高中",A2
20400,but,"但是，可是 prep. 除了, 除……外",conj.,"高中",A1
20401,butcher,"屠夫",n.,"高中",B2
20402,butter,"黄油，奶油",n.,"高中",B1
20403,butterfly,"蝴蝶",n.,"高中",B2
20404,button,"纽扣；（电铃等的）按钮 v. 扣（纽扣） ",n.,"高中",B1
20405,"buy (bought,bought)","买",vt.,"高中",B2
20406,by,"在…旁；不迟于；被；用；乘（车）",prep.,"高中",A1
20407,bye,"再见",int.,"高中",A1
20408,cabbage,"卷心菜，洋白菜",n.,"高中",B1
20409,cabinet,"橱柜；内阁",n.,"高中",B2
20410,cable,"电缆",n.,"高中",B2
20411,cafeteria,"自助餐厅",n.,"高中",B2
20412,"café","咖啡馆;餐馆",n.,"高中",A2
20413,cage,"n 笼；鸟笼","","高中",A2
20414,cake,"蛋糕，糕点；饼",n.,"高中",A2
20415,calculate,"计算",v.,"高中",B2
20416,calendar,"日历",n.,"高中",B2
20417,call,"喊，叫；电话，通话 v. 称呼；呼唤；喊，叫",n.,"高中",A2
20418,calorie,"卡路里",n.,"高中",B2
20419,camel,"骆驼",n.,"高中",A2
20420,camera,"照相机；摄像机",n.,"高中",B1
20421,camp,"n.（夏令）营 vi. 野营,宿营","","高中",A2
20422,campaign,"运动；战役",n./v.,"高中",B2
20423,campus,"校园",n.,"高中",B2
20424,"can (could)","可能；能够；可以 n.（美）罐头；罐子",v.,"高中",B2
20425,Canada,"加拿大",n.,"高中",B1
20426,Canadian,"加拿大的；加拿大人的 n. 加拿大人",a.,"高中",B2
20427,canal,"运河",n.,"高中",B2
20428,cancer,"癌,癌症,弊端,社会恶习",n.,"高中",B1
20429,candidate,"候选人",n.,"高中",B2
20430,candle,"蜡烛",n.,"高中",B1
20431,candy,"糖果",n.,"高中",A2
20432,cannon,"大炮",n.,"高中",B1
20433,canoe,"独木舟 v. 乘独木舟",n.,"高中",A2
20434,cap,"帽子；（瓶子的）盖",n.,"高中",A1
20435,capable,"有能力的",adj.,"高中",B2
20436,capacity,"容量；能力",n.,"高中",B2
20437,capital,"首都；资本",n.,"高中",B2
20438,capsule,"胶囊",n.,"高中",B2
20439,capture,"捕获",v./n.,"高中",B2
20440,car,"汽车，小卧车",n.,"高中",A1
20441,carbon,"碳",n.,"高中",B2
20442,care,"照料，保护；小心 v. 介意…，在乎；关心",n.,"高中",A2
20443,career,"职业",n.,"高中",B2
20444,careful,"小心，仔细，谨慎的",a.,"高中",B1
20445,careless,"粗心的，漫不经心的",a.,"高中",B2
20446,cargo,"货物",n.,"高中",B2
20447,carpenter,"木匠",n.,"高中",B2
20448,carriage,"马车",n.,"高中",B2
20449,carrot,"胡萝卜",n.,"高中",B1
20450,carry,"拿，搬，带，提，抬，背，抱，运等",vt.,"高中",A2
20451,carve,"雕刻",v.,"高中",B2
20452,cash,"现金",n.,"高中",B2
20453,cast,"投掷；演员表",v./n.,"高中",B2
20454,casual,"随便的",adj.,"高中",B2
20455,cat,"猫",n.,"高中",A1
20456,catalog,"目录",n.,"高中",B2
20457,category,"类别",n.,"高中",B2
20458,cater,"提供饮食；迎合",v.,"高中",B2
20459,Catholic,"天主教的",adj./n.,"高中",B2
20460,cause,"原因，起因 vt. 促使，引起，使发生",n.,"高中",A2
20461,caution,"谨慎",n.,"高中",B2
20462,cautious,"谨慎的",adj.,"高中",B2
20463,CD,"光盘 (compact disk的缩写)","","高中",A1
20464,cease,"停止",v.,"高中",B2
20465,ceiling,"天花板，顶棚",n.,"高中",B1
20466,celebrate,"庆祝",v.,"高中",B2
20467,celebration,"庆祝；庆祝会",n.,"高中",B2
20468,celebrity,"名人",n.,"高中",B2
20469,cell,"细胞；牢房",n.,"高中",B2
20470,cent,"美分（100 cents = 1 dollar）",n.,"高中",A2
20471,centigrade,"摄氏",adj.,"高中",B2
20472,"centre (美 center )","中心，中央",n.,"高中",B2
20473,century,"世纪，百年",n.,"高中",B1
20474,certain,"（未指明真实名称的）某…；确定的，无疑的；一定会…",a.,"高中",B1
20475,certainly,"当然；一定，无疑",ad.,"高中",B2
20476,chair,"椅子",n.,"高中",A2
20477,chalk,"粉笔",n.,"高中",A2
20478,chamber,"室；会议厅",n.,"高中",B2
20479,champion,"冠军",n.,"高中",B2
20480,championship,"锦标赛",n.,"高中",B2
20481,chance,"机会，可能性",n.,"高中",B1
20482,change,"零钱；找头 v. 改变，变化；更换；兑换",n.,"高中",B1
20483,chaos,"混乱",n.,"高中",B2
20484,characteristic,"特征；特有的",n./adj.,"高中",B2
20485,charity,"慈善",n.,"高中",B2
20486,charm,"魅力",n.,"高中",B2
20487,chart,"图表；航海图",n.,"高中",A2
20488,charter,"宪章",n.,"高中",B2
20489,cheap,"便宜的，贱",a.,"高中",A2
20490,check,"检查；批改 vt. 校对，核对；检查；批改",n.,"高中",A2
20491,check-out,"结账台,收银台",n.,"高中",B2
20492,cheek,"面颊",n.,"高中",B2
20493,cheese,"奶酪",n.,"高中",B1
20494,chemical,"化学的",adj./n.,"高中",B2
20495,chemist,"化学家；药剂师",n.,"高中",B2
20496,chemistry,"化学",n.,"高中",B2
20497,cheque,"(美check) n. 支票","","高中",B1
20498,chess,"国际象棋,棋",n.,"高中",A2
20499,chest,"胸部；箱子",n.,"高中",B2
20500,chew,"咀嚼",v.,"高中",B2
20501,chick,"小鸡",n.,"高中",A2
20502,chicken,"鸡；鸡肉",n.,"高中",B1
20503,chief,"主要的；首领",adj./n.,"高中",B2
20504,"child (复children)","孩子，儿童",n.,"高中",B2
20505,chimney,"烟囱，烟筒",n.,"高中",B1
20506,China,"中国",n.,"高中",A2
20507,Chinese,"中国的；中国人的；汉语的 n. 中国人；汉语，",a.,"高中",B1
20508,chip,"芯片；碎片",n.,"高中",B2
20509,chocolate,"巧克力",n.,"高中",B2
20510,choir,"合唱团",n.,"高中",B2
20511,choke,"窒息",v.,"高中",B2
20512,"choose (chose, chosen)","选择",vt.,"高中",B2
20513,chorus,"合唱",n.,"高中",B2
20514,Christmas,"圣诞节",n.,"高中",B2
20515,chronic,"慢性的",adj.,"高中",B2
20516,church,"教堂；教会",n.,"高中",B1
20517,cinema,"电影院；电影",n.,"高中",B1
20518,circle,"/vt. 圆,环绕",n.,"高中",B1
20519,circuit,"电路",n.,"高中",B2
20520,circulate,"循环；流通",v.,"高中",B2
20521,circumstance,"环境；情况",n.,"高中",B2
20522,citizen,"公民",n.,"高中",B2
20523,city,"市，城市，都市",n.,"高中",A2
20524,civil,"公民的；文明的",adj.,"高中",B2
20525,civilisation,"文明",n.,"高中",B2
20526,clarify,"澄清",v.,"高中",B2
20527,clash,"冲突",v./n.,"高中",B2
20528,classic,"经典的",adj./n.,"高中",B2
20529,classify,"分类",v.,"高中",B2
20530,classmate,"同班同学",n.,"高中",B2
20531,classroom,"教室",n.,"高中",B2
20532,clause,"从句；条款",n.,"高中",B2
20533,clean,"弄干净，擦干净 a. 清洁的，干净的",vt.,"高中",A2
20534,clear,"清晰；明亮的；清楚的",a.,"高中",A2
20535,clearly,"清楚地，无疑地",ad.,"高中",B1
20536,clerk,"职员",n.,"高中",B2
20537,clever,"聪明的，伶俐的",a.,"高中",B1
20538,client,"客户",n.,"高中",B2
20539,climb,"爬，攀登",v.,"高中",A2
20540,clinical,"临床的",adj.,"高中",B2
20541,clock,"钟",n.,"高中",A2
20542,clone,"克隆",n./v.,"高中",B2
20543,close,"亲密的；近，靠近 ad. 近，靠近 vt. 关，关闭",a.,"高中",A2
20544,cloth,"布",n.,"高中",A2
20545,clothes,"衣服；各种衣物",n.,"高中",B1
20546,cloud,"云；云状物；阴影",n.,"高中",A2
20547,cloudy,"多云的，阴天的",a.,"高中",B1
20548,club,"俱乐部；纸牌中的梅花",n.,"高中",A2
20549,clue,"线索",n.,"高中",B2
20550,coach,"教练；长途汽车",n.,"高中",B2
20551,coal,"煤；煤块",n.,"高中",A2
20552,coastal,"沿海的",adj.,"高中",B2
20553,coat,"外套；涂层；表皮；皮毛",n.,"高中",A2
20554,cock,"公鸡",n.,"高中",A2
20555,cocoa,"可可粉",n.,"高中",A2
20556,code,"密码,符号,准则",n.,"高中",A2
20557,coffee,"咖啡",n.,"高中",B1
20558,cognitive,"认知的",adj.,"高中",B2
20559,coin,"硬币",n.,"高中",A2
20560,coincidence,"巧合",n.,"高中",B2
20561,coke,"可口可乐",n.,"高中",A2
20562,cold,"冷的，寒的 n. 寒冷；感冒，伤风",a.,"高中",A2
20563,collapse,"倒塌",v./n.,"高中",B2
20564,colleague,"同事",n.,"高中",B2
20565,collect,"收集，搜集",vt.,"高中",B1
20566,collection,"收集",n.,"高中",B2
20567,college,"学院；专科学校",n.,"高中",B1
20568,colony,"殖民地",n.,"高中",B2
20569,"colour (美color)","颜色 vt. 给…着色，涂色",n.,"高中",B2
20570,column,"列；专栏",n.,"高中",B2
20571,combat,"战斗",n./v.,"高中",B2
20572,combination,"组合",n.,"高中",B2
20573,"come (came, come)","来，来到",vi.,"高中",B2
20574,comedy,"喜剧",n.,"高中",B2
20575,comfort,"安慰；慰问",n.,"高中",B1
20576,comfortable,"舒服的；安逸的；舒服自在的",a.,"高中",B2
20577,command,"命令；掌握",v./n.,"高中",B2
20578,comment,"评论",n./v.,"高中",B2
20579,commerce,"商业",n.,"高中",B2
20580,commercial,"商业的；广告",adj./n.,"高中",B2
20581,commission,"委员会；佣金",n.,"高中",B2
20582,commit,"犯（罪）；承诺",v.,"高中",B2
20583,commitment,"承诺；投入",n.,"高中",B2
20584,commodity,"商品",n.,"高中",B2
20585,common,"普通，一般；共有的",a.,"高中",B1
20586,communist,"共产主义者",n./adj.,"高中",B2
20587,companion,"同伴",n.,"高中",B2
20588,company,"公司",n.,"高中",B1
20589,comparable,"可比较的",adj.,"高中",B2
20590,compatible,"兼容的",adj.,"高中",B2
20591,compensate,"补偿",v.,"高中",B2
20592,competence,"能力",n.,"高中",B2
20593,competent,"有能力的",adj.,"高中",B2
20594,competition,"比赛，竞赛",n.,"高中",B2
20595,competitive,"竞争的",adj.,"高中",B2
20596,complain,"抱怨,投诉",v.,"高中",B2
20597,complex,"复杂的",adj.,"高中",B2
20598,component,"组成部分",n.,"高中",B2
20599,composer,"作曲家",n.,"高中",B2
20600,composition,"作文；作曲",n.,"高中",B2
20601,comprehension,"理解",n.,"高中",B2
20602,comprehensive,"全面的",adj.,"高中",B2
20603,comprise,"包含；由……组成",v.,"高中",B2
20604,compromise,"妥协",v./n.,"高中",B2
20605,compulsory,"强制的",adj.,"高中",B2
20606,computer,"电子计算机",n.,"高中",B2
20607,comrade,"同志",n.,"高中",B1
20608,concentrate,"集中",v.,"高中",B2
20609,concept,"概念",n.,"高中",B2
20610,concern,"关心；涉及",v./n.,"高中",B2
20611,concerning,"关于",prep.,"高中",B2
20612,concert,"音乐会；演奏会",n.,"高中",B1
20613,conclude,"得出结论",v.,"高中",B2
20614,conclusion,"结论",n.,"高中",B2
20615,concrete,"具体的；混凝土",adj./n.,"高中",B2
20616,condemn,"谴责",v.,"高中",B2
20617,conduct,"进行；行为",v./n.,"高中",B2
20618,conductor,"指导者;（车上的）售票员，列车员;乐队指挥",n.,"高中",B2
20619,conference,"会议",n.,"高中",B2
20620,confess,"承认；坦白",v.,"高中",B2
20621,confidence,"信心",n.,"高中",B2
20622,confident,"自信的",a.,"高中",B2
20623,confine,"限制",v.,"高中",B2
20624,confirm,"确认",v.,"高中",B2
20625,conflict,"冲突",n./v.,"高中",B2
20626,confront,"面对",v.,"高中",B2
20627,congratulate,"祝贺",vt.,"高中",B2
20628,congratulation,"祝贺，庆贺",n.,"高中",B2
20629,congress,"国会",n.,"高中",B2
20630,conjunction,"连词",n.,"高中",B2
20631,connect,"连接，把…联系起来",v.,"高中",B1
20632,conscience,"良心",n.,"高中",B2
20633,conscious,"有意识的",adj.,"高中",B2
20634,consequence,"后果",n.,"高中",B2
20635,conservation,"保护",n.,"高中",B2
20636,conservative,"保守的",adj.,"高中",B2
20637,considerable,"相当大的",adj.,"高中",B2
20638,considerate,"体贴的",adj.,"高中",B2
20639,consist,"由……组成",v.,"高中",B2
20640,consistent,"一致的",adj.,"高中",B2
20641,constant,"持续的",adj.,"高中",B2
20642,constitute,"构成",v.,"高中",B2
20643,constitution,"宪法",n.,"高中",B2
20644,construct,"建造",v.,"高中",B2
20645,construction,"建筑",n.,"高中",B2
20646,consult,"咨询",v.,"高中",B2
20647,consultant,"顾问",n.,"高中",B2
20648,consume,"消费",v.,"高中",B2
20649,consumer,"消费者",n.,"高中",B2
20650,consumption,"消费",n.,"高中",B2
20651,contact,"联系",n./v.,"高中",B2
20652,contain,"包含",v.,"高中",B2
20653,container,"容器",n.,"高中",B2
20654,contemporary,"当代的",adj.,"高中",B2
20655,content,"内容；满足的",n./adj.,"高中",B2
20656,context,"上下文",n.,"高中",B2
20657,continent,"大陆",n.,"高中",B2
20658,continue,"继续",vi.,"高中",B2
20659,contract,"合同；收缩",n./v.,"高中",B2
20660,contradiction,"矛盾",n.,"高中",B2
20661,contrary,"相反的",adj./n.,"高中",B2
20662,contrast,"对比",n./v.,"高中",B2
20663,contribute,"贡献",v.,"高中",B2
20664,contribution,"贡献",n.,"高中",B2
20665,controversial,"有争议的",adj.,"高中",B2
20666,convenience,"便利",n.,"高中",B2
20667,conventional,"传统的",adj.,"高中",B2
20668,conversation,"谈话，交谈",n.,"高中",B2
20669,convey,"传达",v.,"高中",B2
20670,convince,"说服",v.,"高中",B2
20671,cook,"炊事员,厨师 v. 烹调,做饭",n.,"高中",A2
20672,cookie,"小甜饼",n.,"高中",B1
20673,cool,"凉的，凉爽的；酷",a.,"高中",A2
20674,cooperate,"合作",v.,"高中",B2
20675,coordinate,"协调",v.,"高中",B2
20676,cope,"应对",v.,"高中",B2
20677,copy,"抄本，副本；一本（份，册…） v. 抄写,复印,拷贝",n.,"高中",A2
20678,core,"核心",n.,"高中",B2
20679,corn,"玉米，谷物",n.,"高中",A2
20680,corner,"角；角落；拐角",n.,"高中",B1
20681,corporate,"公司的",adj.,"高中",B2
20682,corporation,"公司",n.,"高中",B2
20683,correct,"改正；纠正 a. 正确的，对的；恰当的",v.,"高中",B1
20684,correspond,"通信；对应",v.,"高中",B2
20685,corrupt,"腐败的",adj.,"高中",B2
20686,"cost (cost, cost)","v.值（钱），花费 n. 价格","","高中",B2
20687,cotton,"棉花 a. 棉花的",n.,"高中",B1
20688,cough,"n.& vi. 咳嗽","","高中",A2
20689,council,"理事会",n.,"高中",B2
20690,counsel,"劝告；律师",n./v.,"高中",B2
20691,count,"数，点数",vt.,"高中",A2
20692,counter,"柜台；反对",n./v.,"高中",B2
20693,country,"国家；农村，乡下",n.,"高中",B1
20694,countryside,"乡下，农村",n.,"高中",B2
20695,county,"县",n.,"高中",B2
20696,couple,"夫妇，一对",n.,"高中",B1
20697,course,"过程；经过；课程",n.,"高中",B1
20698,court,"法庭；球场",n.,"高中",B2
20699,cousin,"堂（表）兄弟，堂（表）姐妹",n.,"高中",B1
20700,cover,"盖子；罩 v. 覆盖，遮盖；掩盖",n.,"高中",A2
20701,cow,"母牛，奶牛",n.,"高中",A1
20702,crack,"裂缝",n./v.,"高中",B2
20703,craft,"工艺；手艺",n.,"高中",B2
20704,crash,"/ n. 碰撞，撞击",v.,"高中",A2
20705,cream,"奶油，乳脂",n.,"高中",A2
20706,creation,"创造",n.,"高中",B2
20707,crew,"全体船员",n.,"高中",B2
20708,crime,"犯罪",n.,"高中",B2
20709,criminal,"罪犯；犯罪的",n./adj.,"高中",B2
20710,crisis,"危机",n.,"高中",B2
20711,criterion,"标准",n.,"高中",B2
20712,critic,"批评家",n.,"高中",B2
20713,critical,"批评的；关键的",adj.,"高中",B2
20714,criticism,"批评",n.,"高中",B2
20715,crop,"庄稼；收成",n.,"高中",A2
20716,cross,"脾气不好的，易怒的 n. 十字形的东西 vt. 越过；穿过",a.,"高中",A2
20717,crossing,"十字路口，人行横道",n.,"高中",B2
20718,crowd,"人群 vt. 拥挤，群聚",n.,"高中",A2
20719,crucial,"关键的",adj.,"高中",B2
20720,crude,"粗糙的；原油",adj./n.,"高中",B2
20721,cruel,"残忍的",adj.,"高中",B2
20722,crush,"压碎",v.,"高中",B2
20723,cry,"叫喊；哭声 v. 喊叫；哭",n.,"高中",A1
20724,crystal,"水晶",n.,"高中",B2
20725,cultivate,"培养；耕作",v.,"高中",B2
20726,cultural,"文化的",adj.,"高中",B2
20727,culture,"文化",n.,"高中",B1
20728,cup,"茶杯",n.,"高中",A1
20729,cupboard,"碗柜；橱柜",n.,"高中",B2
20730,curiosity,"好奇心",n.,"高中",B2
20731,currency,"货币",n.,"高中",B2
20732,current,"当前的",adj.,"高中",B2
20733,curriculum,"课程",n.,"高中",B2
20734,curtain,"窗帘",n.,"高中",B1
20735,cushion,"垫子",n.,"高中",B1
20736,customs,"海关",n.,"高中",B2
20737,"cut (cut, cut)","切，剪，削，割",v.,"高中",B2
20738,cute,"可爱的",adj.,"高中",B2
20739,cycle,"循环",n./v.,"高中",B2
20740,daily,"每日的；日常的 ad. 每天 n. 日报",a.,"高中",A2
20741,dairy,"乳制品",n.,"高中",B2
20742,dam,"水坝",n.,"高中",B2
20743,damp,"潮湿的",adj.,"高中",B2
20744,dance,"n.& vi. 跳舞","","高中",A2
20745,dangerous,"危险的",a.,"高中",B2
20746,dare,"v.& aux. 敢，敢于","","高中",A2
20747,dark,"黑暗；暗处；日暮 a. 黑暗的；暗淡的；深色的",n.,"高中",A2
20748,database,"数据库",n.,"高中",B2
20749,date,"日期；约会 n.枣",n.,"高中",A2
20750,daughter,"女儿",n.,"高中",B2
20751,dawn,"黎明",n.,"高中",B2
20752,daytime,"白天，白昼",n.,"高中",B1
20753,dead,"死的；无生命的",a.,"高中",A2
20754,deadline,"截止日期",n.,"高中",B2
20755,deadly,"致命的",adj.,"高中",B2
20756,deaf,"聋的",a.,"高中",A2
20757,deal,"量，数额；交易",n.,"高中",A2
20758,dealer,"经销商",n.,"高中",B2
20759,dear,"int.（表示惊愕）哎呀！唷！a. 亲爱的；贵的","","高中",A2
20760,death,"死",n.,"高中",A2
20761,debate,"辩论",n./v.,"高中",B2
20762,debt,"债务",n.,"高中",B2
20763,decade,"十年",n.,"高中",B2
20764,decay,"腐烂",v./n.,"高中",B2
20765,deceive,"欺骗",v.,"高中",B2
20766,December,"12月",n.,"高中",B2
20767,decide,"决定；下决心",v.,"高中",B1
20768,decision,"决定；决心",n.,"高中",B2
20769,declaration,"宣言",n.,"高中",B2
20770,decline,"下降；拒绝",v./n.,"高中",B2
20771,decorate,"装饰，修饰",vt.,"高中",B2
20772,decoration,"装饰",n.,"高中",B2
20773,decrease,"减少",v./n.,"高中",B2
20774,dedicate,"奉献",v.,"高中",B2
20775,deed,"行为",n.,"高中",B2
20776,deep,"深 ad. 深；深厚",a.,"高中",A2
20777,deeply,"深深地",ad.,"高中",B1
20778,deer,"鹿",n.,"高中",A2
20779,defeat,"击败",v./n.,"高中",B2
20780,defect,"缺陷",n.,"高中",B2
20781,defence,"防御",n.,"高中",B2
20782,defend,"辩护；防御",v.,"高中",B2
20783,define,"定义",v.,"高中",B2
20784,definite,"明确的",adj.,"高中",B2
20785,definition,"定义",n.,"高中",B2
20786,delegate,"代表",n./v.,"高中",B2
20787,delete,"删除",v.,"高中",B2
20788,deliberate,"故意的",adj.,"高中",B2
20789,delicate,"精致的；微妙的",adj.,"高中",B2
20790,delicious,"美味的，可口的",a.,"高中",B2
20791,delight,"快乐；乐事",n.,"高中",B1
20792,deliver,"递送；发表",v.,"高中",B2
20793,demand,"要求",vt.,"高中",B1
20794,democracy,"民主",n.,"高中",B2
20795,democratic,"民主的",adj.,"高中",B2
20796,demonstrate,"展示；示威",v.,"高中",B2
20797,dense,"密集的",adj.,"高中",B2
20798,density,"密度",n.,"高中",B2
20799,dental,"牙齿的",adj.,"高中",B2
20800,dentist,"牙医",n.,"高中",B2
20801,deny,"否认",v.,"高中",B2
20802,depart,"离开",v.,"高中",B2
20803,department,"部门",n.,"高中",B2
20804,departure,"离开",n.,"高中",B2
20805,depend,"依靠，依赖，指望；取决于",vi.,"高中",B1
20806,depict,"描绘",v.,"高中",B2
20807,deploy,"部署",v.,"高中",B2
20808,deposit,"存款；押金",n./v.,"高中",B2
20809,depress,"使沮丧",v.,"高中",B2
20810,depression,"抑郁；萧条",n.,"高中",B2
20811,derive,"源自；获得",v.,"高中",B2
20812,describe,"描写，叙述",vt.,"高中",B2
20813,description,"描述，描写",n.,"高中",B2
20814,desert,"沙漠 vt. 舍弃；遗弃",n.,"高中",B1
20815,deserve,"值得",v.,"高中",B2
20816,desk,"书桌，写字台",n.,"高中",A2
20817,desperate,"绝望的",adj.,"高中",B2
20818,despite,"尽管",prep.,"高中",B2
20819,destination,"目的地",n.,"高中",B2
20820,destroy,"破坏，毁坏",vt.,"高中",B1
20821,detect,"探测",v.,"高中",B2
20822,detective,"侦探",n.,"高中",B2
20823,determination,"决心",n.,"高中",B2
20824,develop,"v.（使）发展；开发 vt. 冲洗（照片）","","高中",B1
20825,device,"设备",n.,"高中",B2
20826,devote,"奉献",v.,"高中",B2
20827,diagram,"图表，图样",n.,"高中",B1
20828,dial,"拨（电话号码）",vt.,"高中",A2
20829,dialect,"方言",n.,"高中",B2
20830,dialogue,"对话",n.,"高中",B2
20831,diamond,"钻石",n.,"高中",B2
20832,diary,"日记；日记簿",n.,"高中",A2
20833,dictate,"听写",v.,"高中",B2
20834,dictation,"听写",n.,"高中",B2
20835,dictionary,"词典，字典",n.,"高中",B2
20836,die,"死",v.,"高中",A1
20837,diet,"饮食",n.,"高中",B2
20838,differ,"不同",v.,"高中",B2
20839,difference,"不同",n.,"高中",B2
20840,different,"不同的，有差异的",a.,"高中",B2
20841,difficult,"难；艰难；不易相处的",a.,"高中",B2
20842,difficulty,"困难，费力",n.,"高中",B2
20843,"dig (dug, dug)","挖（洞沟）,掘",v.,"高中",B2
20844,digest,"消化",v.,"高中",B2
20845,digital,".数字的，数码的",a.,"高中",B1
20846,dignity,"尊严",n.,"高中",B2
20847,dilemma,"困境",n.,"高中",B2
20848,dim,"昏暗的,暗淡的",a.,"高中",A1
20849,dimension,"维度",n.,"高中",B2
20850,diminish,"减少",v.,"高中",B2
20851,dinner,"正餐，宴会",n.,"高中",B1
20852,dip,"浸，蘸；把…放入又取出",vt.,"高中",A1
20853,diploma,"文凭",n.,"高中",B2
20854,diplomat,"外交官",n.,"高中",B2
20855,direct,"直接的；直截了当的 vt. 指挥；指导；导演（电影）",a.,"高中",B1
20856,direction,"方向；方位",n.,"高中",B2
20857,director,"所长，处长，主任；董事；导演",n.,"高中",B2
20858,directory,"姓名地址录",n.,"高中",B2
20859,dirt,"污物；脏物",n.,"高中",A2
20860,dirty,"脏的",a.,"高中",A2
20861,disable,"使残疾",v.,"高中",B2
20862,disappear,"消失",vi.,"高中",B2
20863,discipline,"纪律；学科",n.,"高中",B2
20864,disclose,"揭露",v.,"高中",B2
20865,discount,"折扣",n.,"高中",B2
20866,discover,"发现",vt.,"高中",B2
20867,discovery,"发现",n.,"高中",B2
20868,discrimination,"歧视",n.,"高中",B2
20869,discuss,"讨论，议论",vt.,"高中",B1
20870,discussion,"讨论，辩论",n.,"高中",B2
20871,disease,"病，疾病",n.,"高中",B1
20872,disgusting,"令人厌恶的",adj.,"高中",B2
20873,dish,"盘，碟；盘装菜；盘形物",n.,"高中",A2
20874,dismiss,"解雇；解散",v.,"高中",B2
20875,disorder,"混乱",n.,"高中",B2
20876,display,"陈列,展览;显露,表现  n. 陈列,展览;展览品,展览品",vt.,"高中",B1
20877,dispose,"处理",v.,"高中",B2
20878,dispute,"争论",n./v.,"高中",B2
20879,dissolve,"溶解",v.,"高中",B2
20880,distinct,"明显的",adj.,"高中",B2
20881,distinguish,"区分",v.,"高中",B2
20882,distribute,"分发",v.,"高中",B2
20883,district,"地区",n.,"高中",B2
20884,disturb,"扰乱；打扰",vt.,"高中",B1
20885,dive,"跳水",vi.,"高中",A2
20886,diverse,"多样的",adj.,"高中",B2
20887,divide,"分，划分",vt.,"高中",B1
20888,division,"部门；除法",n.,"高中",B2
20889,divorce,"离婚",n./v.,"高中",B2
20890,"do (did, done)","& aux. 做，干",v.,"高中",B2
20891,doctor,"医生，大夫；博士",n.,"高中",B1
20892,document,"文件",n.,"高中",B2
20893,dog,"狗",n.,"高中",A1
20894,doll,"玩偶，玩具娃娃",n.,"高中",A2
20895,dollar,"元（美国、加拿大、澳大利亚等国货币单位）",n.,"高中",B1
20896,domain,"领域",n.,"高中",B2
20897,domestic,"国内的",adj.,"高中",B2
20898,dominate,"支配",v.,"高中",B2
20899,donation,"捐赠",n.,"高中",B2
20900,door,"门",n.,"高中",A2
20901,dormitory,"宿舍",n.,"高中",B2
20902,dose,"剂量",n.,"高中",B2
20903,dot,"点",n.,"高中",B2
20904,double,"两倍.双的 n. 两个.双",a.,"高中",B1
20905,down,"沿着，沿…而下 ad. 向下",prep.,"高中",A2
20906,download,"n.& v. 下载","","高中",B2
20907,downstairs,"在楼下；到楼下",ad.,"高中",B2
20908,downtown,"城市的商业区，中心区，闹市区 a. 商业区的,闹市区的",n.,"高中",B2
20909,dozen,"十二个；几十，许多",n.,"高中",A2
20910,draft,"草稿",n./v.,"高中",B2
20911,drag,"拖；拽",v.,"高中",A2
20912,drain,"排水",v./n.,"高中",B2
20913,drama,"戏剧",n.,"高中",B2
20914,dramatic,"戏剧性的",adj.,"高中",B2
20915,"draw (drew, drawn)","绘画；绘制；拉，拖；提取（金钱）",v.,"高中",B2
20916,drawer,"抽屉",n.,"高中",B1
20917,drawing,"图画，素描,绘画",n.,"高中",B1
20918,"dream (dreamt, dreamt 或-ed, -ed)","n.& vt. 梦，梦想","","高中",B2
20919,dress,"女服，连衣裙；(统指)服装；童装 v. 穿衣",n.,"高中",A2
20920,drift,"漂流",v./n.,"高中",B2
20921,drink,"饮料；喝酒 ",n.,"高中",A2
20922,drop,"n.滴 v.掉下,落下,投递,放弃","","高中",A2
20923,drought,"干旱",n.,"高中",B1
20924,drown,"淹死",v.,"高中",B2
20925,drum,"鼓",n.,"高中",B2
20926,drunk,"醉的",a.,"高中",A2
20927,dry,"使…干；弄干；擦干 a. 干的；干燥的",v.,"高中",A1
20928,duck,"鸭子",n.,"高中",A2
20929,due,"到期的；由于",adj.,"高中",B2
20930,dull,"枯燥的",adj.,"高中",B2
20931,dump,"倾倒",v.,"高中",B2
20932,dumpling,"饺子",n.,"高中",B2
20933,durable,"耐用的",adj.,"高中",B2
20934,duration,"持续时间",n.,"高中",B2
20935,during,"在…期间；在…过程中",prep.,"高中",B1
20936,dusk,"黄昏",n.,"高中",A2
20937,dust,"灰尘，尘土",n.,"高中",A2
20938,dustbin,"垃圾箱",n.,"高中",B1
20939,duty,"责任，义务",n.,"高中",A2
20940,dynamic,"动态的",adj.,"高中",B2
20941,dynasty,"朝代",n.,"高中",B2
20942,each,"a.& pron. 每人,每个,每件","","高中",A2
20943,eager,"渴望的",adj.,"高中",B2
20944,early,"早的 ad. 早地",a.,"高中",A2
20945,earth,"地球；土，泥；大地",n.,"高中",A2
20946,earthquake,"地震",n.,"高中",B2
20947,ease,"容易；减轻",n./v.,"高中",B2
20948,east,"东方；东部的；ad. 在东方；向东方； n. 东，东方；",a.,"高中",A2
20949,eastern,"东方的",adj.,"高中",B2
20950,easy,"容易的，不费力的",a.,"高中",A2
20951,"eat (ate, eaten)","吃",v.,"高中",B2
20952,echo,"回声",n./v.,"高中",B2
20953,ecology,"生态学",n.,"高中",B2
20954,economic,"经济的",adj.,"高中",B2
20955,economical,"节约的",adj.,"高中",B2
20956,economy,"经济",n.,"高中",B2
20957,edge,"边缘",n.,"高中",A2
20958,edition,"版本",n.,"高中",B2
20959,editor,"编辑",n.,"高中",B2
20960,educate,"教育",v.,"高中",B2
20961,education,"教育，培养",n.,"高中",B2
20962,efficient,"高效的",adj.,"高中",B2
20963,egg,"蛋；卵",n.,"高中",A1
20964,Egypt,"埃及",n.,"高中",A2
20965,Egyptian,"埃及的；埃及人的；埃及语的 n. 埃及人",a.,"高中",B2
20966,eight,"八",num.,"高中",A2
20967,eighteen,"十八",num.,"高中",B2
20968,eighth,"第八",num.,"高中",B1
20969,eighty,"八十",num.,"高中",B1
20970,either,"两方任一方的；二者之一 conj. 二者之一；要么 ad. 也",a.,"高中",B1
20971,elaborate,"精心制作的",adj.,"高中",B2
20972,elbow,"肘",n.,"高中",B2
20973,elder,"长者；前辈",n.,"高中",A2
20974,elderly,"年长的",adj.,"高中",B2
20975,elect,"选举",v.,"高中",B2
20976,election,"选举",n.,"高中",B2
20977,electricity,"电；电流",n.,"高中",B2
20978,electronic,"电子的",adj.,"高中",B2
20979,elegant,"优雅的",adj.,"高中",B2
20980,element,"元素",n.,"高中",B2
20981,elephant,"象",n.,"高中",B2
20982,elevator,"电梯,升降梯",n.,"高中",B2
20983,eleven,"十一",num.,"高中",B1
20984,eliminate,"消除",v.,"高中",B2
20985,else,"别的，其他的",ad.,"高中",A2
20986,elsewhere,"在别处",adv.,"高中",B2
20987,embarrass,"使尴尬",v.,"高中",B2
20988,embassy,"大使馆",n.,"高中",B2
20989,embrace,"拥抱；包含",v.,"高中",B2
20990,emerge,"出现",v.,"高中",B2
20991,emergency,"紧急情况",n.,"高中",B2
20992,emission,"排放",n.,"高中",B2
20993,emotion,"情感",n.,"高中",B2
20994,emotional,"情感的",adj.,"高中",B2
20995,emperor,"皇帝",n.,"高中",B2
20996,emphasis,"强调",n.,"高中",B2
20997,emphasize,"强调",v.,"高中",B2
20998,empire,"帝国",n.,"高中",B2
20999,employ,"雇佣",v.,"高中",B2
21000,employee,"雇员",n.,"高中",B2
21001,employer,"雇主",n.,"高中",B2
21002,empty,"空的",a.,"高中",A2
21003,enable,"使能够",v.,"高中",B2
21004,enclose,"围住",v.,"高中",B2
21005,encounter,"遇到",v./n.,"高中",B2
21006,encourage,"鼓励",vt.,"高中",B2
21007,end,"末尾；终点；结束 v. 结束，终止",n.,"高中",A1
21008,endeavor,"努力",v./n.,"高中",B2
21009,endorse,"支持",v.,"高中",B2
21010,endure,"忍受",v.,"高中",B2
21011,enemy,"敌人；敌军",n.,"高中",A2
21012,energetic,"精力充沛的",adj.,"高中",B2
21013,enforce,"执行",v.,"高中",B2
21014,engage,"从事；吸引",v.,"高中",B2
21015,engine,"发动机",n.,"高中",B2
21016,engineer,"工程师；技师",n.,"高中",B2
21017,England,"英格兰",n.,"高中",B1
21018,English,"英国的，英国人的，英语的 n. 英语",a.,"高中",B1
21019,enhance,"增强",v.,"高中",B2
21020,enjoy,"欣赏；享受乐趣；喜欢",vt.,"高中",A2
21021,enjoyable,"愉快的；有趣的",a.,"高中",B2
21022,enormous,"巨大的",adj.,"高中",B2
21023,enough,"足够；充足 a. 足够；充分的 ad. 足够地；充分地",n.,"高中",B1
21024,enquire,"询问",v.,"高中",B2
21025,enrich,"丰富",v.,"高中",B2
21026,ensure,"确保",v.,"高中",B2
21027,enter,"进入",vt.,"高中",A2
21028,enterprise,"企业",n.,"高中",B2
21029,entertain,"娱乐",v.,"高中",B2
21030,enthusiasm,"热情",n.,"高中",B2
21031,enthusiastic,"热情的",adj.,"高中",B2
21032,entire,"整个的",adj.,"高中",B2
21033,entitle,"给……权利",v.,"高中",B2
21034,entrance,"入口;入场;进入的权利;入学许可",n.,"高中",B2
21035,entrepreneur,"企业家",n.,"高中",B2
21036,entry,"进入",n.,"高中",A2
21037,envelope,"信封",n.,"高中",B2
21038,envy,"vt.& n. 忌妒； 羡慕","","高中",A2
21039,episode,"片段；一集",n.,"高中",B2
21040,equal,"平等的 vt. 等于，使等于",a.,"高中",A2
21041,equality,"平等",n.,"高中",B2
21042,equation,"方程式",n.,"高中",B2
21043,equip,"提供设备；装备；配备",vt.,"高中",A2
21044,equipment,"装备，设备",n.,"高中",B2
21045,equivalent,"等同的",adj.,"高中",B2
21046,era,"时代",n.,"高中",B2
21047,eraser,"橡皮擦；黑板擦",n.,"高中",B1
21048,error,"错误；差错",n.,"高中",A2
21049,erupt,"喷发",v.,"高中",B2
21050,escape,"n.& vi. 逃跑；逃脱","","高中",B1
21051,especially,"特别，尤其",ad.,"高中",B2
21052,essay,"散文；文章；随笔",n.,"高中",A2
21053,essential,"必要的",adj.,"高中",B2
21054,establish,"建立",v.,"高中",B2
21055,estate,"房地产",n.,"高中",B2
21056,estimate,"估计",v./n.,"高中",B2
21057,Europe,"欧洲",n.,"高中",B1
21058,European,"欧洲的，欧洲人的 n. 欧洲人",a.,"高中",B2
21059,evaluate,"评估",v.,"高中",B2
21060,eve,"前夕",n.,"高中",B2
21061,even,"甚至，连（…都）；更",ad.,"高中",A2
21062,evening,"傍晚，晚上",n.,"高中",B1
21063,event,"事件，大事",n.,"高中",A2
21064,eventually,"最终",adv.,"高中",B2
21065,ever,"曾经；无论何时",ad.,"高中",A2
21066,every,"每一，每个的",a.,"高中",A2
21067,everybody,"每人，人人",pron.,"高中",B2
21068,everyday,"每日的；日常的",a.,"高中",B2
21069,everyone,"每人，人人",pron.,"高中",B2
21070,everything,"每件事，事事",pron.,"高中",B2
21071,everywhere,"到处",ad.,"高中",B2
21072,evidence,"证据",n.,"高中",B2
21073,evident,"明显的",adj.,"高中",B2
21074,evil,"邪恶的",adj./n.,"高中",B2
21075,evolution,"进化",n.,"高中",B2
21076,evolve,"进化",v.,"高中",B2
21077,exact,"精确的；确切的",a.,"高中",A2
21078,exactly,"精确地；确切地",ad.,"高中",B1
21079,exaggerate,"夸张",v.,"高中",B2
21080,"exam = examination","考试，测试；检查；审查",n.,"高中",B2
21081,examine,"检查；诊察",vt.,"高中",B1
21082,example,"例子；榜样",n.,"高中",B1
21083,exceed,"超过",v.,"高中",B2
21084,excellent,"极好的，优秀的",a.,"高中",B2
21085,except,"除…之外",prep.,"高中",B1
21086,exception,"例外",n.,"高中",B2
21087,excess,"过量",n.,"高中",B2
21088,excessive,"过度的",adj.,"高中",B2
21089,exchange,"交换",v./n.,"高中",B2
21090,excite,"使兴奋，使激动",vt.,"高中",B1
21091,exclude,"排除",v.,"高中",B2
21092,exclusive,"独家的",adj.,"高中",B2
21093,excuse,"借口,辩解 vt. 原谅,宽恕",n.,"高中",B1
21094,execute,"执行",v.,"高中",B2
21095,executive,"行政的",adj./n.,"高中",B2
21096,exercise,"锻炼，做操；练习，习题 vi. 锻炼",n.,"高中",B2
21097,exhibit,"展览",v./n.,"高中",B2
21098,exhibition,"展览；展览会",n.,"高中",B2
21099,exile,"流放",n./v.,"高中",B2
21100,exist,"存在",vi.,"高中",A2
21101,expand,"扩展",v.,"高中",B2
21102,expansion,"扩张",n.,"高中",B2
21103,expect,"预料；盼望；认为",vt.,"高中",B1
21104,expedition,"远征",n.,"高中",B2
21105,expense,"花费",n.,"高中",B2
21106,expensive,"昂贵的",a.,"高中",B2
21107,experience,"经验；经历",n.,"高中",B2
21108,experiment,"实验",n.,"高中",B2
21109,experimental,"实验的",adj.,"高中",B2
21110,expert,"专家，能手",n.,"高中",B1
21111,expertise,"专长",n.,"高中",B2
21112,explain,"解释，说明",vt.,"高中",B1
21113,exploit,"开发；剥削",v.,"高中",B2
21114,exploration,"探索",n.,"高中",B2
21115,explosion,"爆炸",n.,"高中",B2
21116,export,"出口",v./n.,"高中",B2
21117,expose,"暴露",v.,"高中",B2
21118,exposure,"暴露",n.,"高中",B2
21119,express,"表达；表示；表情 n. 快车，特快专递",vt.,"高中",B1
21120,extension,"延伸",n.,"高中",B2
21121,extensive,"广泛的",adj.,"高中",B2
21122,extent,"程度",n.,"高中",B2
21123,external,"外部的",adj.,"高中",B2
21124,extinction,"灭绝",n.,"高中",B2
21125,extraordinary,"非凡的",adj.,"高中",B2
21126,extreme,"极端的",adj.,"高中",B2
21127,eye,"眼睛",n.,"高中",A1
21128,eyesight,"视力",n.,"高中",B2
21129,fabric,"织物",n.,"高中",B2
21130,face,"脸 vt. 面向；面对",n.,"高中",A2
21131,facial,"面部的",adj.,"高中",B2
21132,facilitate,"促进",v.,"高中",B2
21133,facility,"设施",n.,"高中",B2
21134,fact,"事实，现实",n.,"高中",A2
21135,factor,"因素",n.,"高中",B2
21136,factory,"工厂",n.,"高中",B1
21137,faculty,"院系；能力",n.,"高中",B2
21138,fade,"褪色",v.,"高中",B2
21139,fail,"失败；不及格；衰退",v.,"高中",A2
21140,failure,"失败",n.,"高中",B2
21141,faith,"信仰",n.,"高中",B2
21142,fake,"假的",adj.,"高中",B2
21143,fame,"名声,名望,名誉",n.,"高中",A2
21144,family,"家庭；家族；子女",n.,"高中",B1
21145,fan,"n.（电影、运动等的）迷；热心的爱好者（支持者） n. 风扇","","高中",A1
21146,fancy,"想象；精致的",v./adj.,"高中",B2
21147,fantasy,"幻想",n.,"高中",B2
21148,far,"(farther, farthest 或further , furthest) a.& ad. 远的；远地","","高中",A1
21149,fare,"票价",n.,"高中",B2
21150,farm,"农场；农庄",n.,"高中",A2
21151,farmer,"农民",n.,"高中",B1
21152,farming,"农业,务农",n.,"高中",B1
21153,farmland,"农田",n.,"高中",B2
21154,farther,"a./ad. (far的比较级形式之一)较远,更远","","高中",B1
21155,farthest,"a./ad. (far的最高级形式之一)最远","","高中",B2
21156,fascinating,"迷人的",adj.,"高中",B2
21157,fashion,"时尚",n.,"高中",B2
21158,fast,"快的，迅速的；紧密的 ad. 快地，迅速地；紧密地",a.,"高中",A2
21159,fasten,"扎牢；扣住",vt.,"高中",B1
21160,fat,"脂肪 a. 胖的；肥的",n.,"高中",A1
21161,fatal,"致命的",adj.,"高中",B2
21162,fate,"命运",n.,"高中",B2
21163,father,"父亲",n.,"高中",B1
21164,fault,"错误",n.,"高中",B2
21165,favor,"支持；偏爱",v./n.,"高中",B2
21166,favour,"(美favor) n. 恩惠；好意；帮助","","高中",B1
21167,favourite,"(美 favorite) a. 喜爱的 n. 特别喜爱的人（或物）","","高中",B2
21168,fax,"传真",n.,"高中",A1
21169,fear,"害怕；恐惧； 担忧",n.,"高中",A2
21170,feasible,"可行的",adj.,"高中",B2
21171,feast,"盛宴",n.,"高中",B2
21172,feather,"羽毛",n.,"高中",B1
21173,feature,"特征",n.,"高中",B2
21174,February,"2月",n.,"高中",B2
21175,federal,"中央的,（政府）联邦的",a.,"高中",B1
21176,fee,"费，费用",n.,"高中",A1
21177,"feed (fed, fed)","喂（养）；饲（养）",vt.,"高中",B2
21178,feedback,"反馈",n.,"高中",B2
21179,"feel (felt, felt)","v.& link 感觉，觉得；摸，触","","高中",B2
21180,feeling,"感情；感觉",n.,"高中",B1
21181,female,"女性的",adj./n.,"高中",B2
21182,fence,"栅栏；围栏；篱笆",n.,"高中",A2
21183,ferry,"渡轮",n.,"高中",B2
21184,festival,"节日",n.,"高中",B2
21185,fever,"发烧；发热",n.,"高中",A2
21186,few,"不多;少数;不多的;少数的",pron.,"高中",A1
21187,fiction,"小说",n.,"高中",B2
21188,field,"田地;牧场;场地",n.,"高中",A2
21189,fierce,"激烈的",adj.,"高中",B2
21190,fifteen,"十五",num.,"高中",B1
21191,fifth,"第五",num.,"高中",A2
21192,fifty,"五十",num.,"高中",A2
21193,fight,"(fought, fought) n./v. 打仗（架），与…打仗（架）","","高中",A2
21194,figure,"数字；人物",n.,"高中",B2
21195,fill,"填空，装满",vt.,"高中",A2
21196,film,"电影；影片；胶卷",n.,"高中",A2
21197,final,"最后的；终极的",a.,"高中",A2
21198,finance,"金融",n.,"高中",B2
21199,financial,"金融的",adj.,"高中",B2
21200,find,"(found, found) vt. 找到，发现，感到","","高中",A2
21201,fine,"晴朗的；美好的；（身体）健康的",a.,"高中",A2
21202,finger,"手指",n.,"高中",B1
21203,finish,"结束；做完",v.,"高中",B1
21204,fire,"火；火炉；火灾 vi. 开火,射击,解雇",n.,"高中",A2
21205,fireplace,"壁炉",n.,"高中",B2
21206,firm,"公司；坚定的",n./adj.,"高中",B2
21207,first,"第一 a.& ad. 第一；首次；最初 n. 开始；开端",num.,"高中",A2
21208,fish,"鱼；鱼肉 vi. 钓鱼；捕鱼",n.,"高中",A2
21209,fisherman,"渔民；钓鱼健身者",n.,"高中",B2
21210,fist,"拳头",n.,"高中",B2
21211,fit,"健康的,适合的 v.（使）适合,安装",a.,"高中",A1
21212,five,"五",num.,"高中",A2
21213,fix,"修理；安装；确定，决定",vt.,"高中",A1
21214,flag,"旗；标志；旗舰",n.,"高中",A2
21215,flame,"火焰",n.,"高中",B2
21216,flash,"闪光",n./v.,"高中",B2
21217,flee,"逃跑",v.,"高中",B2
21218,flesh,"肉",n.,"高中",B2
21219,flexible,"灵活的",adj.,"高中",B2
21220,flight,"航班,飞行",n.,"高中",B1
21221,float,"漂浮",v.,"高中",B2
21222,flood,"洪水 vt. 淹没，使泛滥",n.,"高中",A2
21223,floor,"地面，地板.（楼房的）层",n.,"高中",A2
21224,flour,"面粉",n.,"高中",B2
21225,flourish,"繁荣",v.,"高中",B2
21226,flow,"流动",v./n.,"高中",B2
21227,flower,"花",n.,"高中",B1
21228,flu,"流感",n.,"高中",B2
21229,fluctuate,"波动",v.,"高中",B2
21230,fluent,"流利的",adj.,"高中",B2
21231,fluid,"液体",n.,"高中",B2
21232,"fly (flew, flown)","飞；飞行；飘动 vt. 放（风筝、飞机模型等）n. 苍蝇",vi.,"高中",B2
21233,focus,"/ n. 集中（注意力，精力）于，焦点，中心点",v.,"高中",A2
21234,fog,"雾",n.,"高中",A1
21235,foggy,"多雾的",a.,"高中",A2
21236,folk,"民间的",adj.,"高中",B2
21237,follow,"跟随；仿效；跟得上",vt.,"高中",B1
21238,following,"接着的；以下的",a.,"高中",B2
21239,fond,"喜爱的，爱好的",a.,"高中",A2
21240,food,"食物，食品",n.,"高中",A2
21241,fool,"傻子，蠢人",n.,"高中",A2
21242,foolish,"愚蠢的，傻的",a.,"高中",B1
21243,"foot (复feet)","足，脚；英尺",n.,"高中",B2
21244,for,"为了…；因为…；对于…；对…来说 conj. 因为，由于",prep.,"高中",A1
21245,forecast,"预测",n./v.,"高中",B2
21246,forehead,"前额",n.,"高中",B2
21247,foreign,"外国的",a.,"高中",B1
21248,foreigner,"外国人",n.,"高中",B2
21249,foresee,"预见",v.,"高中",B2
21250,forest,"森林",n.,"高中",B1
21251,forever,"永远；永恒的",ad.,"高中",B1
21252,forge,"锻造",v.,"高中",B2
21253,"forget (forgot, forgotten)","忘记；忘掉",v.,"高中",B2
21254,forgetful,"健忘的，不留心的",a.,"高中",B2
21255,fork,"叉，餐叉",n.,"高中",A2
21256,form,"表格；形式；结构",n.,"高中",A2
21257,formal,"正式的",adj.,"高中",B2
21258,format,"格式",n.,"高中",B2
21259,former,"以前的",adj.,"高中",B2
21260,formula,"公式",n.,"高中",B2
21261,forth,"向前,往外",n.,"高中",A2
21262,fortnight,"两周",n.,"高中",B2
21263,fortunate,"幸运的",adj.,"高中",B2
21264,fortune,"财富；运气",n.,"高中",B2
21265,forty,"四十",num.,"高中",A2
21266,forum,"论坛",n.,"高中",B2
21267,fossil,"化石",n.,"高中",B2
21268,found,"成立，建立",vt.,"高中",A2
21269,foundation,"基础;基本原理,根据,基金会;建立,创办",n.,"高中",B2
21270,fountain,"喷泉",n.,"高中",B2
21271,four,"四",num.,"高中",A2
21272,fourteen,"十四",num.,"高中",B2
21273,fourth,"第四",num.,"高中",B1
21274,fox,"狐狸",n.,"高中",A1
21275,fraction,"分数；小部分",n.,"高中",B2
21276,fragile,"易碎的",adj.,"高中",B2
21277,fragment,"碎片",n.,"高中",B2
21278,framework,"框架",n.,"高中",B2
21279,France,"法国",n.,"高中",B1
21280,frank,"坦率的",adj.,"高中",B2
21281,free,"自由，空闲的；免费的",a.,"高中",A2
21282,freeze,"(froze, frozen) vi. 结冰","","高中",B1
21283,freight,"货运",n.,"高中",B2
21284,French,"法语 a. 法国的；法国人的；法语的",n.,"高中",B1
21285,Frenchman,"(复 Frenchmen) n. 法国人（男）","","高中",B2
21286,frequency,"频率",n.,"高中",B2
21287,fresh,"新鲜的",a.,"高中",A2
21288,friction,"摩擦",n.,"高中",B2
21289,Friday,"星期五",n.,"高中",B1
21290,"fridge =refrigerator","冰箱",n.,"高中",B2
21291,friend,"朋友",n.,"高中",B1
21292,friendly,"友好的",a.,"高中",B2
21293,friendship,"友谊，友情",n.,"高中",B2
21294,frighten,"使惊恐，吓唬",vt.,"高中",B2
21295,from,"从,从…起,来自",prep.,"高中",A2
21296,front,"前面的；前部的 n. 前面；前部；前线",a.,"高中",A2
21297,frontier,"边境；前沿",n.,"高中",B2
21298,frost,"霜",n.,"高中",B2
21299,frown,"皱眉",v.,"高中",B2
21300,fruit,"水果；果实",n.,"高中",A2
21301,"fruit juice","果汁",n.,"高中",B2
21302,fry,"用油煎；用油炸",vt.,"高中",A1
21303,fulfill,"完成",v.,"高中",B2
21304,full,"满的，充满的；完全的",a.,"高中",A2
21305,fun,"有趣的事，娱乐，玩笑",n.,"高中",A1
21306,function,"功能",n.,"高中",B2
21307,fund,"基金",n.,"高中",B2
21308,fundamental,"基本的",adj.,"高中",B2
21309,funeral,"葬礼",n.,"高中",B2
21310,funny,"有趣的，滑稽可笑的",a.,"高中",A2
21311,fur,"毛皮；皮子",n.,"高中",A1
21312,furnish,"布置",v.,"高中",B2
21313,further,"a./ad. (far的比较级形式之一)较远,更远","","高中",B1
21314,furthermore,"此外",adv.,"高中",B2
21315,fuss,"大惊小怪",n.,"高中",B2
21316,future,"将来、未来",n.,"高中",B1
21317,gallery,"画廊",n.,"高中",B2
21318,gallon,"加仑",n.,"高中",B2
21319,game,"游戏；运动；比赛",n.,"高中",A2
21320,gap,"差距",n.,"高中",B2
21321,garage,"车库",n.,"高中",B2
21322,garbage,"垃圾",n.,"高中",B2
21323,garden,"花园，果园，菜园",n.,"高中",B1
21324,garment,"服装",n.,"高中",B2
21325,gas,"气体；汽油",n.,"高中",B2
21326,gate,"大门",n.,"高中",A2
21327,gaze,"凝视",v.,"高中",B2
21328,gear,"齿轮",n.,"高中",B2
21329,gene,"基因",n.,"高中",B2
21330,general,"大体，笼统的，总的",a.,"高中",B1
21331,generate,"产生",v.,"高中",B2
21332,generation,"代，一代",n.,"高中",B2
21333,generous,"慷慨大方的",a.,"高中",B2
21334,genius,"天才",n.,"高中",B2
21335,genuine,"真正的",adj.,"高中",B2
21336,geography,"地理学",n.,"高中",B2
21337,geometry,"几何学",n.,"高中",B2
21338,German,"德国的，德国人的，德语的 n. 德国人，德语",a.,"高中",B1
21339,Germany,"德国",n.,"高中",B1
21340,gesture,"手势",n.,"高中",B2
21341,"get (got , got)","成为；得到；具有；到达",vt.,"高中",B2
21342,giant,"巨大的",adj.,"高中",B2
21343,gift,"赠品；礼物",n.,"高中",A2
21344,girl,"女孩",n.,"高中",A2
21345,"give (gave, given)","给,递给,付出,给予",vt.,"高中",B2
21346,glad,"高兴的；乐意的",a.,"高中",A2
21347,glance,"扫视",v./n.,"高中",B2
21348,glare,"怒视",v.,"高中",B2
21349,glass,"玻璃杯,玻璃；(复)眼镜",n.,"高中",A2
21350,glimpse,"一瞥",n./v.,"高中",B2
21351,global,"全球的",adj.,"高中",B2
21352,globe,"地球",n.,"高中",B2
21353,glory,"荣耀",n.,"高中",B2
21354,glove,"手套",n.,"高中",A2
21355,glow,"发光",v.,"高中",B2
21356,"go (went, gone)","去；走；驶；通到；到达 n. 尝试（做某事）",vi.,"高中",B2
21357,goat,"山羊",n.,"高中",A2
21358,gold,"黄金 a 金的，黄金的",n.,"高中",A2
21359,golf,"高尔夫球",n.,"高中",A2
21360,"good (better,best)","好；良好",a.,"高中",B2
21361,good-bye,"再见；再会",int.,"高中",B2
21362,goodness,"善良，美德",n.,"高中",B2
21363,goods,"商品",n.,"高中",B2
21364,"goose (复 geese)","鹅",n.,"高中",B2
21365,gorgeous,"华丽的",adj.,"高中",B2
21366,gossip,"流言",n./v.,"高中",B2
21367,govern,"统治",v.,"高中",B2
21368,government,"政府",n.,"高中",B2
21369,grab,"抓住",v.,"高中",B2
21370,grace,"优雅",n.,"高中",B2
21371,grade,"等级（中小学的）；学年；成绩，分数",n.,"高中",A2
21372,gradual,"逐渐的",adj.,"高中",B2
21373,gradually,"逐渐地",ad.,"高中",B2
21374,graduate,"毕业",v.,"高中",B2
21375,grain,"谷物",n.,"高中",B2
21376,grammar,"语法",n.,"高中",B1
21377,grand,"宏伟的",a.,"高中",A2
21378,grandchild,"(外)孙或孙女,孙辈",n.,"高中",B2
21379,"grandma = grandmother","奶奶；外婆",n.,"高中",B2
21380,"grandpa = grandfather","爷爷,外公",n.,"高中",B2
21381,grandparents,"祖父母,外祖父母",n.,"高中",B2
21382,granny,"老奶奶；祖母；外婆",n.,"高中",B1
21383,grant,"授予",v./n.,"高中",B2
21384,grape,"葡萄",n.,"高中",A2
21385,graph,"图表",n.,"高中",B2
21386,grasp,"抓住；理解",v.,"高中",B2
21387,grass,"草；草场；牧草",n.,"高中",A2
21388,grateful,"感激的，感谢的",a.,"高中",B2
21389,gravity,"重力",n.,"高中",B2
21390,great,"伟大的,重要的,好极了 ad.（口语）好极了，很好",a.,"高中",A2
21391,Greece,"希腊",n.,"高中",B1
21392,green,"绿色的；青的 n. 绿色",a.,"高中",A2
21393,greenhouse,"温室",n.,"高中",B2
21394,greet,"问候；向…致敬",vt.,"高中",A2
21395,"grey / gray","灰色的；灰白的",a.,"高中",B2
21396,grocery,"杂货店",n.,"高中",B2
21397,group,"组，群",n.,"高中",A2
21398,"grow (grew, grown)","生长；发育；种植；变成",v.,"高中",B2
21399,growth,"生长，增长",n.,"高中",B1
21400,guarantee,"保证",v./n.,"高中",B2
21401,guess,"猜",vi.,"高中",A2
21402,guest,"客人，宾客",n.,"高中",A2
21403,guidance,"指导",n.,"高中",B2
21404,guide,"向导，导游者",n.,"高中",A2
21405,guideline,"指南",n.,"高中",B2
21406,guilty,"有罪的",adj.,"高中",B2
21407,guitar,"吉他，六弦琴",n.,"高中",B1
21408,gulf,"海湾",n.,"高中",B2
21409,habit,"习惯，习性",n.,"高中",A2
21410,habitat,"栖息地",n.,"高中",B2
21411,hair,"头发",n.,"高中",A2
21412,half,"a.& n. 半，一半，半个","","高中",A2
21413,hall,"大厅,会堂,礼堂;过道",n.,"高中",A2
21414,halt,"停止",v./n.,"高中",B2
21415,ham,"火腿",n.,"高中",A1
21416,hamburger,"汉堡包",n.,"高中",B2
21417,hand,"手；指针 v. 递;给;交付;交上",n.,"高中",A2
21418,handbag,"女用皮包，手提包",n.,"高中",B1
21419,handful,"一把",n.,"高中",B2
21420,handle,"把手；处理",n./v.,"高中",B2
21421,handwriting,"书法",n.,"高中",B2
21422,handy,"方便的",adj.,"高中",B2
21423,"hang (hung, hung)","悬挂，吊着；把…吊起  hang (hung, hung) 绞死",v.,"高中",B2
21424,happily,"幸福地，快乐地",ad.,"高中",B1
21425,happy,"幸福；快乐的，高兴的",a.,"高中",A2
21426,harbour,"港口",n.,"高中",B2
21427,hard,"努力地；猛烈地 a. 硬的；困难的；艰难的",ad.,"高中",A2
21428,hardly,"几乎不",ad.,"高中",B1
21429,hardship,"困难",n.,"高中",B2
21430,hardworking,"努力工作的",a.,"高中",B2
21431,harm,"n.&v. 伤害；损伤","","高中",A2
21432,harmony,"和谐",n.,"高中",B2
21433,harvest,"n.& vt. 收割，收获（物）","","高中",B1
21434,hat,"帽子(一般指有边的)；礼帽",n.,"高中",A1
21435,hate,"vt.& n. 恨，讨厌","","高中",A2
21436,hatred,"仇恨",n.,"高中",B2
21437,"have (has, had, had)","有；吃；喝；进行；经受",vt.,"高中",B2
21438,hazard,"危险",n.,"高中",B2
21439,he,"他",pron.,"高中",A1
21440,head,"头；头脑；首脑；标题 a. 头部的；主要的 v. 率领；驶向",n.,"高中",A2
21441,headache,"头疼",n.,"高中",B2
21442,heading,"标题",n.,"高中",B2
21443,headline,"头条新闻",n.,"高中",B2
21444,headmistress,"女校长",n.,"高中",B2
21445,headquarters,"总部",n.,"高中",B2
21446,heal,"治愈",v.,"高中",B2
21447,health,"健康，卫生",n.,"高中",B1
21448,healthy,"健康的，健壮的",a.,"高中",B1
21449,heap,"堆",n.,"高中",B2
21450,"hear (heard, heard)","听见；听说",v.,"高中",B2
21451,hearing,"听力",n.,"高中",B1
21452,heart,"心,心脏,纸牌中的红桃",n.,"高中",A2
21453,heat,"热 vt. 把…加热",n.,"高中",A2
21454,heaven,"天，天空",n.,"高中",B1
21455,heavily,"重地，大量地",ad.,"高中",B1
21456,heavy,"重的",a.,"高中",A2
21457,heel,"脚后跟",n.,"高中",B2
21458,height,"高度",n.,"高中",B2
21459,helicopter,"直升机",n.,"高中",B2
21460,hello,"喂；你好（表示打招呼，问候或唤起注意）",int.,"高中",A2
21461,help,"& vt. 帮助，帮忙",n.,"高中",A2
21462,helpful,"有帮助的，有益的",a.,"高中",B1
21463,hen,"母鸡",n.,"高中",A1
21464,hence,"因此",adv.,"高中",B2
21465,her,"她(宾格),她的",pron.,"高中",A1
21466,here,"这里，在这里；向这里",ad.,"高中",A2
21467,heritage,"遗产",n.,"高中",B2
21468,hero,"英雄，勇士，男主角",n.,"高中",A2
21469,hers,"她的",pron.,"高中",A2
21470,herself,"她自己",pron.,"高中",B1
21471,hesitate,"犹豫",v.,"高中",B2
21472,hey,"嘿！",int.,"高中",A1
21473,hi,"你好（表示打招呼、问候或唤起注意）",int.,"高中",A1
21474,"hide (hid, hidden)","把…藏起来，隐藏",v.,"高中",B2
21475,high,"高的;高度的 ad. 高地",a.,"高中",A2
21476,highlight,"突出",v./n.,"高中",B2
21477,highway,"公路,主要交通道路",n.,"高中",B1
21478,hill,"小山;丘陵;土堆;斜坡",n.,"高中",A2
21479,him,"他（宾格）",pron.,"高中",A1
21480,himself,"他自己",pron.,"高中",B1
21481,hint,"暗示",n./v.,"高中",B2
21482,hire,"雇佣",v.,"高中",B2
21483,his,"他的",pron.,"高中",A1
21484,historic,"历史性的",adj.,"高中",B2
21485,history,"历史，历史学",n.,"高中",B1
21486,"hit (hit, hit)","n.& vt. 打,撞,击中","","高中",B2
21487,hobby,"业余爱好，嗜好",n.,"高中",A2
21488,"hold (held, held)","拿；抱；握住；举行；进行",vt.,"高中",B2
21489,hole,"洞，坑",n.,"高中",A2
21490,holiday,"假日；假期",n.,"高中",B1
21491,hollow,"空的",adj.,"高中",B2
21492,holy,"神圣的",adj.,"高中",B2
21493,home,"家 ad. 到家；回家",n.,"高中",A2
21494,homeland,"祖国",n.,"高中",B2
21495,hometown,"故乡",n.,"高中",B2
21496,homework,"家庭作业",n.,"高中",B2
21497,honest,"诚实的，正直的",a.,"高中",B1
21498,honour,"荣誉",n.,"高中",B2
21499,hook,"钩子",n./v.,"高中",B2
21500,hope,"n.& v. 希望","","高中",A2
21501,hopeful,"有希望的；有前途的",a.,"高中",B1
21502,horizon,"地平线",n.,"高中",B2
21503,horrible,"令人恐惧；恐怖的",a.,"高中",B2
21504,horror,"恐怖",n.,"高中",B2
21505,horse,"马",n.,"高中",A2
21506,hospital,"医院",n.,"高中",B2
21507,host,"主人；主持",n./v.,"高中",B2
21508,hostile,"敌对的",adj.,"高中",B2
21509,hot,"热的",a.,"高中",A1
21510,hotel,"旅馆，饭店，宾馆",n.,"高中",A2
21511,hour,"小时",n.,"高中",A2
21512,house,"房子；住宅",n.,"高中",A2
21513,household,"家庭",n.,"高中",B2
21514,housewife,"家庭主妇",n.,"高中",B2
21515,housework,"家务劳动",n.,"高中",B2
21516,housing,"住房",n.,"高中",B2
21517,how,"怎样,如何；多么",ad.,"高中",A1
21518,however,"可是 conj. 然而，可是，尽管如此",ad.,"高中",B1
21519,hug,"拥抱",v.,"高中",A1
21520,huge,"巨大的，庞大的",a.,"高中",A2
21521,human,"人的，人类的",a.,"高中",A2
21522,humble,"谦虚的",adj.,"高中",B2
21523,humour,"幽默",n.,"高中",B2
21524,hundred,"百",num.,"高中",B1
21525,hunger,"饥饿",n.,"高中",B1
21526,hurry,"赶快；急忙",vi.,"高中",A2
21527,"hurt (hurt, hurt)","伤害，受伤；伤人感情",vt.,"高中",B2
21528,husband,"丈夫",n.,"高中",B1
21529,hydrogen,"氢",n.,"高中",B2
21530,hypothesis,"假设",n.,"高中",B2
21531,I,"我",pron.,"高中",A1
21532,ice,"冰",n.,"高中",A1
21533,ice-cream,"冰淇淋",n.,"高中",B2
21534,idea,"主意,意见,打算,想法",n.,"高中",A2
21535,ideal,"理想的",adj./n.,"高中",B2
21536,identical,"相同的",adj.,"高中",B2
21537,identification,"身份证明",n.,"高中",B2
21538,identity,"身份",n.,"高中",B2
21539,idiom,"习语，成语",n.,"高中",A2
21540,if,"如果,假使,是否,是不是",conj.,"高中",A1
21541,ignore,"忽视",v.,"高中",B2
21542,ill,"有病的；不健康的",a.,"高中",A1
21543,illegal,"非法的",adj.,"高中",B2
21544,illness,"疾病",n.,"高中",B1
21545,illustrate,"说明",v.,"高中",B2
21546,image,"形象；图像",n.,"高中",B2
21547,imaginary,"想象的",adj.,"高中",B2
21548,imagination,"想象力",n.,"高中",B2
21549,imagine,"想像，设想",vt.,"高中",B1
21550,immediately,"立即",ad.,"高中",B2
21551,immense,"巨大的",adj.,"高中",B2
21552,immigrant,"移民",n.,"高中",B2
21553,immigrate,"移民",v.,"高中",B2
21554,immigration,"移民",n.,"高中",B2
21555,implement,"实施",v.,"高中",B2
21556,implication,"含义",n.,"高中",B2
21557,imply,"暗示",v.,"高中",B2
21558,import,"进口",v./n.,"高中",B2
21559,important,"重要的",a.,"高中",B2
21560,impose,"强加",v.,"高中",B2
21561,impossible,"不可能的",a.,"高中",B2
21562,impress,"给……留下印象",v.,"高中",B2
21563,impression,"印象",n.,"高中",B2
21564,impressive,"令人印象深刻的",adj.,"高中",B2
21565,improve,"改进，更新",vt.,"高中",B1
21566,in,"在…里(内)；在 ad. 在家，在内，向内",prep.,"高中",A1
21567,inch,"英寸",n.,"高中",A2
21568,incident,"事件",n.,"高中",B2
21569,incline,"倾向",v.,"高中",B2
21570,include,"包含，包括",vt.,"高中",B1
21571,incorporate,"合并",v.,"高中",B2
21572,increase,"& n. 增加，繁殖",v.,"高中",B2
21573,incredible,"难以置信的",adj.,"高中",B2
21574,indeed,"确实；实在",a.,"高中",B1
21575,independence,"独立",n.,"高中",B2
21576,index,"索引",n.,"高中",B2
21577,India,"印度",n.,"高中",A2
21578,Indian,"a.（美洲）印地安人的； 印度人的 n. 印地安人；印度人","","高中",B1
21579,indicate,"表明",v.,"高中",B2
21580,indigenous,"本土的",adj.,"高中",B2
21581,individual,"个人；个人的",n./adj.,"高中",B2
21582,inevitable,"不可避免的",adj.,"高中",B2
21583,infant,"婴儿",n.,"高中",B2
21584,infect,"感染",v.,"高中",B2
21585,infer,"推断",v.,"高中",B2
21586,inflation,"通货膨胀",n.,"高中",B2
21587,inform,"通知",v.,"高中",B2
21588,information,"信息",n.,"高中",B2
21589,ingredient,"成分",n.,"高中",B2
21590,inhabitant,"居民",n.,"高中",B2
21591,inherit,"继承",v.,"高中",B2
21592,initial,"最初的",adj.,"高中",B2
21593,initiative,"主动性",n.,"高中",B2
21594,injection,"注射",n.,"高中",B2
21595,ink,"墨水，油墨",n.,"高中",A1
21596,inn,"小旅馆",n.,"高中",B2
21597,inner,"内部的",adj.,"高中",B2
21598,innocent,"无辜的",adj.,"高中",B2
21599,innovation,"创新",n.,"高中",B2
21600,input,"输入",n./v.,"高中",B2
21601,inquire,"询问",v.,"高中",B2
21602,insect,"昆虫",n.,"高中",B1
21603,insert,"插入",v.,"高中",B2
21604,inside,"在…里面 ad. 在里面",prep.,"高中",B1
21605,insight,"洞察力",n.,"高中",B2
21606,insist,"坚持；坚决认为",vi.,"高中",B1
21607,inspect,"检查；检验；审视",vt.,"高中",B1
21608,inspiration,"灵感",n.,"高中",B2
21609,install,"安装",v.,"高中",B2
21610,instance,"实例",n.,"高中",B2
21611,instant,"立即的",adj.,"高中",B2
21612,instinct,"本能",n.,"高中",B2
21613,institute,"学院",n.,"高中",B2
21614,institution,"机构",n.,"高中",B2
21615,instruct,"通知；指示；教",vt.,"高中",B2
21616,instruction,"说明,须知;教导",n.,"高中",B2
21617,instrument,"仪器",n.,"高中",B2
21618,insult,"侮辱",v./n.,"高中",B2
21619,insurance,"保险",n.,"高中",B2
21620,integrate,"整合",v.,"高中",B2
21621,integrity,"诚信",n.,"高中",B2
21622,intellectual,"智力的",adj.,"高中",B2
21623,intelligence,"智力",n.,"高中",B2
21624,intend,"打算",v.,"高中",B2
21625,intense,"强烈的",adj.,"高中",B2
21626,intention,"意图",n.,"高中",B2
21627,interact,"互动",v.,"高中",B2
21628,interaction,"互动",n.,"高中",B2
21629,interest,"兴趣，趣味;利息",n.,"高中",B2
21630,interesting,"有趣的",a.,"高中",B2
21631,interfere,"干涉",v.,"高中",B2
21632,intermediate,"中级的",adj.,"高中",B2
21633,internal,"内部的",adj.,"高中",B2
21634,international,"国际的",a.,"高中",B2
21635,internet,"互联网，英特网",n.,"高中",B2
21636,interpret,"解释",v.,"高中",B2
21637,interrupt,"打断",v.,"高中",B2
21638,interval,"间隔",n.,"高中",B2
21639,intervene,"干预",v.,"高中",B2
21640,intimate,"亲密的",adj.,"高中",B2
21641,into,"到…里;向内；变成",prep.,"高中",A2
21642,introduce,"介绍",vt.,"高中",B2
21643,invade,"入侵",v.,"高中",B2
21644,invasion,"入侵",n.,"高中",B2
21645,invent,"发明，创造",vt.,"高中",B1
21646,invention,"发明，创造",n.,"高中",B2
21647,inventor,"发明者，创造者",n.,"高中",B2
21648,invest,"投资",v.,"高中",B2
21649,investigate,"调查",v.,"高中",B2
21650,investment,"投资",n.,"高中",B2
21651,invisible,"看不见的",adj.,"高中",B2
21652,invite,"邀请，招待",vt.,"高中",B1
21653,involve,"涉及",v.,"高中",B2
21654,is,"是",v.,"高中",A1
21655,island,"岛",n.,"高中",B1
21656,isolate,"隔离",v.,"高中",B2
21657,issue,"问题；发行",n./v.,"高中",B2
21658,it,"它",pron.,"高中",A1
21659,its,"它的",pron.,"高中",A1
21660,itself,"它自己",pron.,"高中",B1
21661,jacket,"短上衣，夹克衫",n.,"高中",B1
21662,jam,"果酱；阻塞",n.,"高中",A1
21663,January,"1月",n.,"高中",B1
21664,Japan,"日本",n.,"高中",A2
21665,Japanese,"日本的，日本人的，日语的 n. 日本人，日语",a.,"高中",B2
21666,jar,"罐子",n.,"高中",B2
21667,jaw,"下巴",n.,"高中",B2
21668,jazz,"爵士乐",n.,"高中",B2
21669,jealous,"嫉妒的",adj.,"高中",B2
21670,jeep,"吉普车",n.,"高中",A2
21671,jet,"喷气式飞机",n.,"高中",B2
21672,jewel,"珠宝",n.,"高中",B2
21673,job,"（一份）工作",n.,"高中",A1
21674,join,"参加,加入;连接;会合",v.,"高中",A2
21675,joint,"联合的",adj.,"高中",B2
21676,joke,"笑话",n.,"高中",A2
21677,journal,"期刊",n.,"高中",B2
21678,journalist,"记者，新闻工作者",n.,"高中",B2
21679,journey,"旅行，路程",n.,"高中",B1
21680,joy,"欢乐，高兴，乐趣",n.,"高中",A1
21681,judge,"裁判；审判员；法官 vt. 判断，断定",n.,"高中",A2
21682,judgement,"判断",n.,"高中",B2
21683,juice,"汁、液",n.,"高中",A2
21684,July,"7月",n.,"高中",A2
21685,jump,"跳跃；跳变 v. 跳跃；惊起；猛扑",n.,"高中",A2
21686,June,"6月",n.,"高中",A2
21687,jungle,"丛林，密林",n.,"高中",B1
21688,junior,"初级的；年少的",a.,"高中",B1
21689,just,"刚才；恰好；不过；仅 a. 公正的",ad.,"高中",A2
21690,justice,"公正",n.,"高中",B2
21691,justify,"证明……正当",v.,"高中",B2
21692,kangaroo,"大袋鼠",n.,"高中",B2
21693,keen,"热衷的",adj.,"高中",B2
21694,"keep (kept, kept)","保持；保存；继续不断 vt. 培育，饲养",v.,"高中",B2
21695,kettle,"水壶",n.,"高中",B2
21696,key,"钥匙;答案;键;关键",n.,"高中",A1
21697,keyboard,"键盘",n.,"高中",B2
21698,kick,"v.& n. 踢","","高中",A2
21699,kid,"小孩",n.,"高中",A1
21700,kill,"杀死，弄死",v.,"高中",A2
21701,kilo,"千克；千米",n.,"高中",A2
21702,kilogram,"千克",n.,"高中",B2
21703,kilometre,"千米（公里）",n.,"高中",B2
21704,kind,"种;类 a. 善良,友好的",n.,"高中",A2
21705,kind-hearted,"好心的",a.,"高中",B2
21706,kindergarten,"幼儿园",n.,"高中",B2
21707,king,"国王",n.,"高中",A2
21708,kingdom,"王国",n.,"高中",B1
21709,kiss,"n.& vt. 吻，亲吻","","高中",A2
21710,kitchen,"厨房",n.,"高中",B1
21711,kite,"风筝",n.,"高中",A2
21712,knee,"膝盖",n.,"高中",A2
21713,kneel,"跪下",v.,"高中",B2
21714,knife,"(复 knives) n. 小刀;匕首;刀片","","高中",A2
21715,knock,"n.& v. 敲；打；击 ","","高中",A2
21716,knot,"结",n.,"高中",B2
21717,"know(knew,known)","知道，了解；认识；懂得",v.,"高中",B2
21718,knowledge,"知识，学问",n.,"高中",B2
21719,label,"标签",n./v.,"高中",B2
21720,laboratory,"实验室",n.,"高中",B2
21721,labour,"劳动",n.,"高中",B2
21722,lack,"缺乏",n./v.,"高中",B2
21723,ladder,**,n.,"高中",B1
21724,lady,"女士，夫人",n.,"高中",A2
21725,lake,"湖",n.,"高中",A2
21726,lamp,"灯，油灯；光源",n.,"高中",A2
21727,land,"陆地,土地 v. 登岸(陆)降落",n.,"高中",A2
21728,landscape,"风景",n.,"高中",B2
21729,lane,"小路；车道",n.,"高中",B2
21730,language,"语言",n.,"高中",B2
21731,lap,"(人坐时)膝部,(跑道的)一圈",n.,"高中",A1
21732,large,"大的；巨大的",a.,"高中",A2
21733,largely,"主要地",adv.,"高中",B2
21734,laser,"激光",n.,"高中",B2
21735,last,"最后的 ad. 最后地 n. 最后 v. 持续",a.,"高中",A2
21736,late,"晚的,迟的 ad. 晚地,迟地",a.,"高中",A2
21737,lately,"最近，不久前",ad.,"高中",B1
21738,later,"晚些的，迟些的",a.,"高中",A2
21739,latter,"后者的",adj.,"高中",B2
21740,laugh,"n.& v. 笑，大笑；嘲笑","","高中",A2
21741,launch,"发射；发起",v.,"高中",B2
21742,laundry,"洗衣店",n.,"高中",B2
21743,law,"法律，法令；定律",n.,"高中",A1
21744,"lay (laid, laid)","放，搁",vt.,"高中",B2
21745,layer,"层",n.,"高中",B2
21746,layout,"布局",n.,"高中",B2
21747,lazy,"懒惰的",a.,"高中",A2
21748,"lead (led, led)","领导，带领 n. 铅",v.,"高中",B2
21749,leader,"领袖，领导人",n.,"高中",B1
21750,leading,"领先的",adj.,"高中",B2
21751,"leaf (复 leaves)","（树，菜）叶",n.,"高中",B2
21752,league,"联盟，社团",n.,"高中",B1
21753,leak,"泄漏",v./n.,"高中",B2
21754,lean,"倾斜；瘦的",v./adj.,"高中",B2
21755,leap,"跳跃",v./n.,"高中",B2
21756,"learn (learnt, learnt；-ed -ed)","学，学习，学会",vt.,"高中",B2
21757,least,"最少，最少量",n.,"高中",A2
21758,leather,"皮革",n.,"高中",B1
21759,"leave (left, left)","离开;把…留下，剩下",v.,"高中",B2
21760,left,"左边的 ad. 向左 n. 左,左边",a.,"高中",A2
21761,leg,"腿；腿脚；支柱",n.,"高中",A1
21762,legal,"合法的",adj.,"高中",B2
21763,legend,"传说",n.,"高中",B2
21764,legislation,"立法",n.,"高中",B2
21765,leisure,"休闲",n.,"高中",B2
21766,"lend (lent, lent)","借(出),把…借给",vt.,"高中",B2
21767,lesson,"课；功课；教训",n.,"高中",B1
21768,"less（little的比较级）","a.& ad. 少于,小于","","高中",B2
21769,"let (let, let)","让",vt.,"高中",B2
21770,letter,"信；字母",n.,"高中",B1
21771,liberty,"自由",n.,"高中",B2
21772,librarian,"图书管理员；（西方的）图书馆馆长",n.,"高中",B2
21773,library,"图书馆，图书室",n.,"高中",B1
21774,license,"执照，许可证",n.,"高中",B1
21775,lid,"盖子",n.,"高中",B2
21776,"lie (lay, lain)","躺;卧;平放;位于n.& vi.(lied,lied) 说谎",v.,"高中",B2
21777,"life (复lives)","生命；生涯；生活；人生；生物",n.,"高中",B2
21778,lifetime,"一生，终生",n.,"高中",B2
21779,lift,"举起，抬起；（云、烟等）消散 n. （英）电梯",v.,"高中",A2
21780,light,"光，光亮；灯，灯光 vt. 点（火），点燃 a. 明亮的；轻的；浅色的",n.,"高中",A2
21781,like,"像，跟…一样 vt. 喜欢，喜爱",prep.,"高中",A2
21782,likewise,"同样地",adv.,"高中",B2
21783,limb,"肢体",n.,"高中",B2
21784,limitation,"限制",n.,"高中",B2
21785,line,"绳索，线，排，行，线路 v. 画线于，（使）成行",n.,"高中",A2
21786,link,"链接",n./v.,"高中",B2
21787,lion,"狮子",n.,"高中",A2
21788,lip,"嘴唇",n.,"高中",A1
21789,liquid,"液体",n.,"高中",B2
21790,list,"一览表，清单",n.,"高中",A2
21791,listen,"听,仔细听",vi.,"高中",B1
21792,literacy,"读写能力",n.,"高中",B2
21793,literally,"字面上",adv.,"高中",B2
21794,literary,"文学的",adj.,"高中",B2
21795,literature,"文学",n.,"高中",B2
21796,litter,"乱丢杂物",v.,"高中",B1
21797,"little (less, least)","小的,少的 ad. 很少地, 稍许 n. 没有多少",a.,"高中",B2
21798,live,"生活;居住;活着 a. 活的,活着的;现场（直播）的",vi.,"高中",A2
21799,lively,"活泼的;充满生气的",a.,"高中",B1
21800,liver,"肝脏",n.,"高中",B2
21801,living,"活着的 n. 生计",a.,"高中",B1
21802,loan,"贷款",n.,"高中",B2
21803,lobby,"大厅",n.,"高中",B2
21804,locate,"定位",v.,"高中",B2
21805,lock,"锁 vt. 锁，锁上",n.,"高中",A2
21806,log,"原木；日志",n.,"高中",B2
21807,logic,"逻辑",n.,"高中",B2
21808,logical,"逻辑的",adj.,"高中",B2
21809,London,"伦敦",n.,"高中",B1
21810,lonely,"孤独的，寂寞的",a.,"高中",B1
21811,long,"长的，远 ad. 长久",a.,"高中",A2
21812,look,"看，瞧 v. 看，观看 v. link 看起来",n.,"高中",A2
21813,loose,"松的",adj.,"高中",B2
21814,lord,"勋爵",n.,"高中",B2
21815,lorry,"卡车",n.,"高中",B2
21816,"lose (lost, lost)","失去，丢失",vt.,"高中",B2
21817,lot,"许多，好些",n.,"高中",A1
21818,loud,"大声的",a.,"高中",A2
21819,loudly,"大声地",ad.,"高中",B1
21820,loudspeaker,"扬声器，喇叭",n.,"高中",B2
21821,love,"n.& vt. 爱；热爱;很喜欢","","高中",A2
21822,lovely,"美好的，可爱的",a.,"高中",B1
21823,low,"a.& ad. 低；矮","","高中",A1
21824,loyal,"忠诚的",adj.,"高中",B2
21825,loyalty,"忠诚",n.,"高中",B2
21826,luck,"运气，好运",n.,"高中",A2
21827,lucky,"运气好，侥幸",a.,"高中",A2
21828,lump,"块",n.,"高中",B2
21829,lunch,"午餐，午饭",n.,"高中",A2
21830,lung,"肺",n.,"高中",B2
21831,luxury,"奢侈",n.,"高中",B2
21832,machine,"机器",n.,"高中",B1
21833,machinery,"机械",n.,"高中",B2
21834,"madam/ madame","夫人,女士",n.,"高中",B2
21835,magazine,"杂志",n.,"高中",B2
21836,magic,"有魔力的",a.,"高中",A2
21837,magnificent,"壮丽的",adj.,"高中",B2
21838,mail,"邮政,邮递 v. (美)邮寄",n.,"高中",A2
21839,main,"主要的",a.,"高中",A2
21840,mainland,"大陆",n.,"高中",B2
21841,maintain,"维持",v.,"高中",B2
21842,"make (made,made)","制造,做;使得",vt.,"高中",B2
21843,male,"男性的",adj./n.,"高中",B2
21844,mall,"商场",n.,"高中",B2
21845,"man (复men)","成年男人;人类",n.,"高中",B2
21846,man-made,"人造的，人工的",a.,"高中",B2
21847,manage,"管理；设法对付",v.,"高中",B1
21848,manager,"经理",n.,"高中",B1
21849,mankind,"人类",n.,"高中",B2
21850,manufacture,"制造",v.,"高中",B2
21851,"many (more, most)","许多人（或物）a. 许多的",pron.,"高中",B2
21852,map,"地图",n.,"高中",A1
21853,March,"3月",n.,"高中",A2
21854,margin,"边缘",n.,"高中",B2
21855,marine,"海洋的",adj.,"高中",B2
21856,mark,"标记 vt. 标明,作记号于",n.,"高中",A2
21857,market,"市场，集市",n.,"高中",B1
21858,mass,"大量的",adj./n.,"高中",B2
21859,massive,"巨大的",adj.,"高中",B2
21860,master,"掌握；大师",v./n.,"高中",B2
21861,match,"使相配，使成对 n. 比赛，竞赛 n. 火柴",vt.,"高中",A2
21862,mate,"伙伴",n.,"高中",B2
21863,"mathematics =math / maths","n.（常作单数用）数学, (英美口语) 数学","","高中",B2
21864,matter,"要紧事，要紧, 事情；问题 vi. 要紧，有重大关系",n.,"高中",B1
21865,mature,"成熟的",adj.,"高中",B2
21866,maximum,"最大的",adj./n.,"高中",B2
21867,May,"5月",n.,"高中",A1
21868,maybe,"可能，大概，也许",ad.,"高中",A2
21869,mayor,"市长",n.,"高中",B2
21870,me,"我（宾格）",pron.,"高中",A1
21871,meal,"一餐（饭） ",n.,"高中",A2
21872,"mean(meant,meant)","意思,意指",vt.,"高中",B2
21873,meaning,"意思，含意",n.,"高中",B1
21874,means,"方法，手段；财产",n.,"高中",A2
21875,meantime,"同时",n.,"高中",B2
21876,mechanic,"技工",n.,"高中",B2
21877,mechanical,"机械的",adj.,"高中",B2
21878,mechanism,"机制",n.,"高中",B2
21879,medal,"奖牌",n.,"高中",B2
21880,medical,"医学的",adj.,"高中",B2
21881,medication,"药物",n.,"高中",B2
21882,medium,"中等的",adj./n.,"高中",B2
21883,"meet (met, met)","vt./ n. 遇见，见到 会；集会","","高中",B2
21884,meeting,"会,集会,会见,汇合点",n.,"高中",B1
21885,member,"成员，会员",n.,"高中",B1
21886,memorial,"纪念碑",n.,"高中",B2
21887,memory,"回忆，记忆",n.,"高中",B1
21888,mend,"修理，修补",v.,"高中",A2
21889,mental,"精神的",adj.,"高中",B2
21890,mention,"提及；记载 vt. 提到，说起",n.,"高中",B1
21891,menu,"菜单",n.,"高中",A2
21892,merchant,"商人",n.,"高中",B2
21893,mercy,"仁慈",n.,"高中",B2
21894,merely,"仅仅",adv.,"高中",B2
21895,merit,"优点",n.,"高中",B2
21896,merry,"高兴的，愉快的",a.,"高中",A2
21897,message,"消息，音信",n.,"高中",B1
21898,metal,"金属 a. 金属制成的",n.,"高中",A2
21899,"metre (美meter)","米，公尺",n.,"高中",B2
21900,mid-autumn,"中秋",n.,"高中",B2
21901,middle,"中间;当中;中级的",n.,"高中",B1
21902,"Middle East","中东",n.,"高中",B2
21903,midnight,"午夜",n.,"高中",B2
21904,might,"aux. (may的过去式，助动词) 可能，也许，或许",v.,"高中",A2
21905,mild,"温和,暖和的,凉爽的",a.,"高中",A2
21906,mile,"英里",n.,"高中",A2
21907,military,"军事的",adj.,"高中",B2
21908,milk,"牛奶 vt. 挤奶",n.,"高中",A2
21909,mill,"磨坊",n.,"高中",B2
21910,million,"百万 n. 百万个（人或物）",num.,"高中",B1
21911,mind,"思想,想法 v.介意,关心",n.,"高中",A2
21912,mine,"矿藏,矿山 vt. 开采(矿物)  pron. 我的",n.,"高中",A2
21913,mineral,"矿物质",n.,"高中",B2
21914,minibus,"小型公共汽车",n.,"高中",B1
21915,minimum,"最小的",adj./n.,"高中",B2
21916,minister,"部长",n.,"高中",B2
21917,ministry,"部",n.,"高中",B2
21918,minor,"较小的",adj.,"高中",B2
21919,minus,"& a.负的，减去的",prep.,"高中",A2
21920,minute,"分钟;一会儿，瞬间",n.,"高中",B1
21921,miracle,"奇迹",n.,"高中",B2
21922,mirror,"镜子",n.,"高中",B1
21923,miserable,"痛苦的",adj.,"高中",B2
21924,miss,"失去，错过，缺",vt.,"高中",A2
21925,Miss.,"小姐,女士(称呼未婚妇女)",n.,"高中",A2
21926,missile,"导弹",n.,"高中",B2
21927,mission,"任务",n.,"高中",B2
21928,mist,"雾",n.,"高中",A2
21929,"mistake (mistook, mistaken)","错误 vt. 弄错",n.,"高中",B2
21930,mixture,"混合物",n.,"高中",B2
21931,mobile,"活动的，可移动的",a.,"高中",B1
21932,model,"模型,原形,范例,模范",n.,"高中",A2
21933,moderate,"适度的",adj.,"高中",B2
21934,modern,"现代的",a.,"高中",B1
21935,modest,"谦虚的",adj.,"高中",B2
21936,modify,"修改",v.,"高中",B2
21937,"Mom =Mum","妈妈",n.,"高中",B2
21938,moment,"片刻，瞬间",n.,"高中",B1
21939,"mommy = mummy","妈妈（美）",n.,"高中",B2
21940,Monday,"星期一",n.,"高中",B1
21941,money,"钱；货币",n.,"高中",A2
21942,monitor,"监视器；班长",n./v.,"高中",B2
21943,monkey,"猴子",n.,"高中",B1
21944,month,"月，月份",n.,"高中",A2
21945,monument,"纪念碑，纪念物",n.,"高中",B2
21946,mood,"情绪",n.,"高中",B2
21947,moon,"月球；月光；月状物",n.,"高中",A2
21948,mooncake,"月饼",n.,"高中",B2
21949,moral,"道德的",adj.,"高中",B2
21950,moreover,"此外",adv.,"高中",B2
21951,morning,"早晨，上午",n.,"高中",B1
21952,"most (much或many的最高级)","& ad. 最多 n. 大部分,大多数",a.,"高中",B2
21953,mother,"母亲",n.,"高中",B1
21954,motion,"运动",n.,"高中",B2
21955,motivate,"激发",v.,"高中",B2
21956,motive,"动机",n.,"高中",B2
21957,motor,"发动机，马达",n.,"高中",A2
21958,motorbike,"摩托车",n.,"高中",B2
21959,motorcycle,"摩托车",n.,"高中",B2
21960,mount,"登上",v.,"高中",B2
21961,mountain(s),"山，山脉",n.,"高中",B2
21962,"mouse (复mice)","鼠，耗子；（计算机）鼠标",n.,"高中",B2
21963,mouth,"嘴，口",n.,"高中",A2
21964,move,"移动，搬动，搬家",v.,"高中",A2
21965,movement,"运动，活动",n.,"高中",B2
21966,"Mr. (mister)","先生（用于姓名前）",n.,"高中",B2
21967,"Mrs. (mistress)","夫人, 太太（称呼已婚妇女）",n.,"高中",B2
21968,Ms.,"女士(用在婚姻状况不明的女子姓名前)",n.,"高中",A1
21969,"much (more，most)","a./ ad. 许多，大量，非常，更加","","高中",B2
21970,multiple,"多个的",adj.,"高中",B2
21971,multiply,"乘；使相乘",vt.,"高中",B2
21972,murder,"谋杀",vt.,"高中",B1
21973,muscle,"肌肉",n.,"高中",B2
21974,museum,"博物馆，博物院",n.,"高中",B1
21975,mushroom,"蘑菇",n.,"高中",B2
21976,music,"音乐，乐曲",n.,"高中",A2
21977,musical,"音乐的",adj.,"高中",B2
21978,must,"必须,应当;必定是",v.,"高中",A2
21979,mutton,"羊肉",n.,"高中",B1
21980,mutual,"相互的",adj.,"高中",B2
21981,my,"我的",pron.,"高中",A1
21982,myself,"我自己",pron.,"高中",B1
21983,mysterious,"神秘的",adj.,"高中",B2
21984,mystery,"神秘",n.,"高中",B2
21985,myth,"神话",n.,"高中",B2
21986,nail,"钉，钉子",n.,"高中",A2
21987,name,"名字,姓名,名称 vt. 命名,名叫",n.,"高中",A2
21988,namely,"即",adv.,"高中",B2
21989,narrow,"狭窄的",a.,"高中",B1
21990,nasty,"令人不快的",adj.,"高中",B2
21991,nation,"民族，国家",n.,"高中",B1
21992,national,"国家的,全国性的，民族的",a.,"高中",B2
21993,natural,"自然的",a.,"高中",B1
21994,nature,"自然, 性质，种类",n.,"高中",B1
21995,naval,"海军的",adj.,"高中",B2
21996,navigation,"导航",n.,"高中",B2
21997,navy,"海军",n.,"高中",B2
21998,near,"近的 ad. 附近，邻近 prep. 在…附近，靠近",a.,"高中",A2
21999,nearby,"附近的",a.,"高中",B1
22000,nearly,"将近，几乎",ad.,"高中",B1
22001,neat,"整洁的；灵巧的",a.,"高中",A2
22002,necessary,"必需的，必要的",a.,"高中",B2
22003,necessity,"必要性",n.,"高中",B2
22004,neck,"颈，脖子",n.,"高中",A2
22005,necklace,"项链",n.,"高中",B2
22006,necktie,"领带，领花",n.,"高中",B1
22007,need,"需要,需求 aux.& v. 需要,必须",n.,"高中",A2
22008,needle,"针",n.,"高中",B1
22009,negative,"消极的",adj.,"高中",B2
22010,neglect,"忽视",v.,"高中",B2
22011,negotiate,"谈判",v.,"高中",B2
22012,neighborhood,"社区",n.,"高中",B2
22013,"neighbour (美neighbor)","邻居，邻人",n.,"高中",B2
22014,"neighbourhood (美neighborhood)","四邻；邻近地区",n.,"高中",B2
22015,nerve,"神经",n.,"高中",B2
22016,nervous,"紧张不安的",a.,"高中",B1
22017,nest,"巢；窝",n.,"高中",A2
22018,net,"网",n.,"高中",A1
22019,network,"网络，网状系统",n.,"高中",B1
22020,neutral,"中立的",adj.,"高中",B2
22021,never,"决不，从来没有",ad.,"高中",A2
22022,nevertheless,"然而",adv.,"高中",B2
22023,new,"新的；新鲜的",a.,"高中",A1
22024,news,"新闻，消息",n.,"高中",A2
22025,newspaper,"报纸",n.,"高中",B2
22026,next,"下一个的,紧挨着的，隔壁的 ad. 随后，然后，下一步",a.,"高中",A2
22027,nice,"令人愉快;好的,漂亮的",a.,"高中",A2
22028,niece,"侄女，甥女",n.,"高中",A2
22029,night,"夜；夜间",n.,"高中",A2
22030,night-club,"夜总会",n.,"高中",B2
22031,nine,"九",num.,"高中",A2
22032,nineteen,"十九",num.,"高中",B2
22033,ninety,"九十",num.,"高中",B1
22034,ninth,"第九",num.,"高中",A2
22035,no,"不,不是 a. 没有,无,不",ad.,"高中",A1
22036,"No.(缩) = number","数字;号码",n.,"高中",B2
22037,noble,"高贵的",adj.,"高中",B2
22038,nobody,"渺小人物 pron. 没有人，谁也不",n.,"高中",B1
22039,nod,"点头",vi.,"高中",A1
22040,noise,"声音，噪声，喧闹声",n.,"高中",A2
22041,noisily,"喧闹地",ad.,"高中",B1
22042,noisy,"喧闹的，嘈杂的",a.,"高中",A2
22043,none,"无任何东西, 无一人",pron.,"高中",A2
22044,noodle,"面条",n.,"高中",B1
22045,noon,"中午，正午",n.,"高中",A2
22046,nor,"也不",conj.,"高中",A1
22047,norm,"规范",n.,"高中",B2
22048,normal,"n.& a. 正常的（状态）","","高中",B1
22049,north,"北的;朝北的 ad. 向（在,从）北方 n. 北;北方;北部",a.,"高中",A2
22050,northeast,"东北（部）",n.,"高中",B2
22051,northern,"北方的，北部的",a.,"高中",B2
22052,northwest,"西北",n.,"高中",B2
22053,nose,"鼻子",n.,"高中",A2
22054,not,"不，没",ad.,"高中",A1
22055,notable,"显著的",adj.,"高中",B2
22056,note,"便条，笔记，注释；钞票，音调",n.,"高中",A2
22057,notebook,"笔记簿",n.,"高中",B2
22058,nothing,"没有东西,没有什么",n.,"高中",B1
22059,notice,"布告，通告；注意 vt. 注意，注意到",n.,"高中",B1
22060,notion,"概念",n.,"高中",B2
22061,novel,"小说；新颖的",n./adj.,"高中",B2
22062,November,"11月",n.,"高中",B2
22063,now,"现在",ad.,"高中",A1
22064,nowhere,"任何地方都不,无处",ad.,"高中",B1
22065,nuclear,"核的",adj.,"高中",B2
22066,number,"数,数字,号码,数量",n.,"高中",B1
22067,numerous,"许多的",adj.,"高中",B2
22068,nurse,"护士；保姆；保育员",n.,"高中",A2
22069,nursery,"托儿所",n.,"高中",B2
22070,nutrition,"营养",n.,"高中",B2
22071,obey,"服从，顺从，听从",v.,"高中",A2
22072,object,"物，物体；宾语",n.,"高中",B1
22073,objection,"反对",n.,"高中",B2
22074,objective,"客观的；目标",adj./n.,"高中",B2
22075,obligation,"义务",n.,"高中",B2
22076,observation,"观察",n.,"高中",B2
22077,obstacle,"障碍",n.,"高中",B2
22078,obtain,"获得",v.,"高中",B2
22079,obvious,"明显的",adj.,"高中",B2
22080,occupation,"职业",n.,"高中",B2
22081,occupy,"占据",v.,"高中",B2
22082,ocean,"海洋",n.,"高中",A2
22083,October,"10月",n.,"高中",B1
22084,of,"….的",prep.,"高中",A1
22085,off,"离开,脱离,（走）开",prep.,"高中",A1
22086,offend,"冒犯",v.,"高中",B2
22087,offensive,"冒犯的",adj.,"高中",B2
22088,office,"办公室",n.,"高中",B1
22089,official,"官方的",adj./n.,"高中",B2
22090,offspring,"后代",n.,"高中",B2
22091,often,"经常，常常",ad.,"高中",A2
22092,oh,"哦！啊！",int.,"高中",A1
22093,oil,"油",n.,"高中",A1
22094,old,"老的，旧的",a.,"高中",A1
22095,"Olympic Games","奥运会",n.,"高中",B2
22096,Olympic(s),"& n. 奥林匹克",a.,"高中",B2
22097,on,"在…上（时），关于 ad. 接通；进行下去；（电灯）开",prep.,"高中",A1
22098,once,"n.& ad. 一次,一度,从前 conj. 一旦","","高中",A2
22099,one,"一（个，只…）",pron.,"高中",A1
22100,oneself,"自己；自身",pron.,"高中",B1
22101,ongoing,"进行中的",adj.,"高中",B2
22102,only,"惟一的，仅有的 ad. 仅仅，只，才",a.,"高中",A2
22103,onto,"到…的上面",prep.,"高中",A2
22104,open,"开着的,开的 vt. 开,打开",a.,"高中",A2
22105,opera,"歌剧",n.,"高中",A2
22106,operate,"操作",v.,"高中",B2
22107,opinion,"看法，见解",n.,"高中",B1
22108,opponent,"对手",n.,"高中",B2
22109,opportunity,"机会",n.,"高中",B2
22110,oppose,"反对",v.,"高中",B2
22111,opposite,"相反的",adj./n.,"高中",B2
22112,optimistic,"乐观的",adj.,"高中",B2
22113,option,"选择",n.,"高中",B2
22114,or,"或；就是；否则",conj.,"高中",A1
22115,orange,"橘子，橙子，橘汁 a. 橘色的，橙色的",n.,"高中",B1
22116,orbit,"轨道",n.,"高中",B2
22117,orchestra,"管弦乐队",n.,"高中",B2
22118,order,"定购，定货；点菜n. 顺序",vt.,"高中",A2
22119,ordinary,"普通的，平常的",a.,"高中",B2
22120,organ,"器官",n.,"高中",B2
22121,organic,"有机的",adj.,"高中",B2
22122,origin,"起源",n.,"高中",B2
22123,original,"原始的",adj.,"高中",B2
22124,other,"别人，别的东西 a. 别的,另外的",pron.,"高中",A2
22125,otherwise,"否则",adv.,"高中",B2
22126,our,"我们的",pron.,"高中",A1
22127,ourselves,"我们自己",pron.,"高中",B2
22128,out,"出外;在外,向外;熄",ad.,"高中",A1
22129,outcome,"结果",n.,"高中",B2
22130,outdoors,"在户外, 在野外",ad.,"高中",B2
22131,outer,"外部的",adj.,"高中",B2
22132,outline,"轮廓；大纲",n.,"高中",B2
22133,output,"输出",n.,"高中",B2
22134,outside,"外面 ad. 在外面；向外面 prep. 在…外面",n.,"高中",B1
22135,outstanding,"杰出的",adj.,"高中",B2
22136,over,"在…上方,越过,遍及 ad. 翻倒,遍布,越过,结束",prep.,"高中",A2
22137,overall,"总体的",adj.,"高中",B2
22138,overcoat,"大衣",n.,"高中",B2
22139,overcome,"克服",v.,"高中",B2
22140,overlook,"俯瞰；忽视",v.,"高中",B2
22141,overnight,"一夜之间",adv.,"高中",B2
22142,overseas,"海外的",adj./adv.,"高中",B2
22143,overtake,"超过",v.,"高中",B2
22144,owe,"欠；归功于",v.,"高中",B2
22145,own,"自己的 v. 拥有,所有",a.,"高中",A1
22146,ownership,"所有权",n.,"高中",B2
22147,"p.m./pm, P.M. /PM","下午,午后",n.,"高中",B2
22148,pace,"步伐",n.,"高中",B2
22149,Pacific,"太平洋的",a.,"高中",B1
22150,pack,"包,捆;（猎犬、野兽的）一群 v. (为运输或储存而)打包",n.,"高中",A2
22151,package,"包裹",n.,"高中",B2
22152,packet,"小包裹，袋",n.,"高中",B1
22153,pad,"垫子",n.,"高中",B2
22154,page,"页，页码",n.,"高中",A2
22155,pain,"疼痛，疼",n.,"高中",A2
22156,painful,"使痛的，使痛苦的",a.,"高中",B1
22157,paint,"油漆 vt. 油漆,粉刷,绘画",n.,"高中",A2
22158,painter,"绘画者,（油）画家",n.,"高中",B1
22159,painting,"油画，水彩画",n.,"高中",B2
22160,pair,"一双，一对",n.,"高中",A2
22161,palace,"宫，宫殿",n.,"高中",B1
22162,pale,"苍白的，灰白的",a.,"高中",A2
22163,pan,"平底锅",n.,"高中",A1
22164,panda,"熊猫",n.,"高中",A2
22165,panic,"恐慌",n./v.,"高中",B2
22166,paper,"纸；报纸",n.,"高中",A2
22167,parade,"游行",n.,"高中",B2
22168,parallel,"平行的",adj.,"高中",B2
22169,parcel,"包裹",n.,"高中",B2
22170,pardon,"原谅,宽恕,对不起",n.,"高中",B1
22171,parent,"父(母)，双亲",n.,"高中",B1
22172,park,"公园 vt. 停放（汽车）",n.,"高中",A2
22173,parking,"停车",n.,"高中",B1
22174,parliament,"议会",n.,"高中",B2
22175,parrot,"鹦鹉",n.,"高中",B1
22176,part,"部分；角色；部件；零件 a. 局部的；部分的",n.,"高中",A2
22177,participant,"参与者",n.,"高中",B2
22178,participate,"参与",v.,"高中",B2
22179,particular,"特别的",adj.,"高中",B2
22180,partly,"部分地",adv.,"高中",B2
22181,partner,"伙伴",n.,"高中",B2
22182,party,"聚会，晚会；党派",n.,"高中",A2
22183,pass,"传，递；经过；通过",vt.,"高中",A2
22184,passenger,"乘客，旅客",n.,"高中",B2
22185,passion,"热情",n.,"高中",B2
22186,passive,"被动的",adj.,"高中",B2
22187,passport,"护照",n.,"高中",B2
22188,past,"过 n. 过去，昔日，往事 prep. 过…，走过某处",ad.,"高中",A2
22189,paste,"粘贴",v./n.,"高中",B2
22190,pat,"轻拍",v.,"高中",B2
22191,patch,"补丁",n.,"高中",B2
22192,patent,"专利",n.,"高中",B2
22193,path,"小道，小径",n.,"高中",A2
22194,patience,"耐心",n.,"高中",B2
22195,patient,"病人",n.,"高中",B1
22196,patriotic,"爱国的",adj.,"高中",B2
22197,pattern,"模式",n.,"高中",B2
22198,pause,"n.& vi. 中止，暂停；停止","","高中",A2
22199,pavement,"人行道",n.,"高中",B2
22200,pay,"(paid, paid) v. 付钱，给…报酬 n. 工资","","高中",A1
22201,pea,"豌豆",n.,"高中",A1
22202,peace,"和平",n.,"高中",A2
22203,peak,"顶峰",n.,"高中",B2
22204,pear,"梨子，梨树",n.,"高中",A2
22205,peer,"同龄人",n.,"高中",B2
22206,pen,"钢笔，笔",n.,"高中",A1
22207,penalty,"惩罚",n.,"高中",B2
22208,pencil,"铅笔",n.,"高中",B1
22209,pencil-box,"铅笔盒",n.,"高中",B2
22210,penny,"(英复pence) n.（英）便士；美分","","高中",A2
22211,pension,"养老金",n.,"高中",B2
22212,people,"人，人们；人民",n.,"高中",B1
22213,pepper,"胡椒粉",n.,"高中",B1
22214,perceive,"感知",v.,"高中",B2
22215,percentage,"百分比",n.,"高中",B2
22216,performance,"演出，表演",n.,"高中",B2
22217,perhaps,"可能，或",ad.,"高中",B1
22218,permanent,"永久的",adj.,"高中",B2
22219,permission,"许可",n.,"高中",B2
22220,permit,"许可,允许;执照 n. 许可证",vt.,"高中",B1
22221,person,"人",n.,"高中",B1
22222,personal,"个人的，私人的",a.,"高中",B2
22223,personality,"个性",n.,"高中",B2
22224,personnel,"人员",n.,"高中",B2
22225,perspective,"观点",n.,"高中",B2
22226,pessimistic,"悲观的",adj.,"高中",B2
22227,pet,"宠物，爱畜",n.,"高中",A1
22228,petrol,"汽油",n.,"高中",B2
22229,phenomenon,"现象",n.,"高中",B2
22230,philosophy,"哲学",n.,"高中",B2
22231,"phone = telephone","打电话 n. 电话，电话机",v.,"高中",B2
22232,"photo =photograph","照片",n.,"高中",B2
22233,photograph,"照片",n.,"高中",B2
22234,phrase,"短语；习惯用语",n.,"高中",B1
22235,physician,"医生",n.,"高中",B2
22236,physicist,"物理学家",n.,"高中",B2
22237,physics,"物理（学）",n.,"高中",B1
22238,pianist,"钢琴家",n.,"高中",B1
22239,piano,"钢琴",n.,"高中",A2
22240,pick,"拾起，采集；挑选",v.,"高中",A2
22241,picnic,"n.& v. 野餐","","高中",B1
22242,pie,"甜馅饼",n.,"高中",A1
22243,piece,"一块（片，张，件…）",n.,"高中",A2
22244,pig,"猪",n.,"高中",A1
22245,pile,"n./v. 堆","","高中",A2
22246,pill,"药丸，药片",n.,"高中",A2
22247,pillar,"柱子",n.,"高中",B2
22248,pilot,"飞行员",n.,"高中",A2
22249,pin,"别针",n.,"高中",B2
22250,pine,"松树",n.,"高中",B2
22251,ping-pong,"乒乓球",n.,"高中",B2
22252,pink,"粉红色的",a.,"高中",A2
22253,pioneer,"先锋，开拓者",n.,"高中",B1
22254,pipe,"管子",n.,"高中",B2
22255,pit,"坑",n.,"高中",B2
22256,pity,"怜悯，同情",n.,"高中",A2
22257,place,"地方，处所 v. 放置，安置，安排",n.,"高中",A2
22258,plain,"平原；简单的",n./adj.,"高中",B2
22259,plan,"n.& v. 计划，打算","","高中",A2
22260,plane,"飞机",n.,"高中",A2
22261,planet,"行星",n.,"高中",B1
22262,plant,"种植，播种 n. 植物",vt.,"高中",A2
22263,plastic,"塑料的",a.,"高中",B1
22264,plate,"板；片；牌；盘子；盆子",n.,"高中",A2
22265,platform,"平台",n.,"高中",B2
22266,play,"玩；打（球）；游戏；播放 n. 玩耍，戏剧",v.,"高中",A2
22267,playground,"操场，运动场",n.,"高中",B2
22268,plea,"恳求",n.,"高中",B2
22269,pleasant,"令人愉快的，舒适的",a.,"高中",B2
22270,please,"请,使人高兴,使人满意",v.,"高中",B1
22271,pleased,"高兴的",a.,"高中",B1
22272,pleasure,"高兴，愉快",n.,"高中",B2
22273,pledge,"誓言",n.,"高中",B2
22274,plenty,"充足，大量",n.,"高中",B1
22275,plot,"情节",n.,"高中",B2
22276,plug,"插头",n.,"高中",B2
22277,plunge,"投入",v.,"高中",B2
22278,plus,"加，加上",prep.,"高中",A2
22279,poetry,"诗歌",n.,"高中",B2
22280,point,"指，指向 n. 点；分数",v.,"高中",A2
22281,poison,"毒药",n.,"高中",B2
22282,pole,"杆；极",n.,"高中",B2
22283,police,"警察，警务人员",n.,"高中",B1
22284,"policeman (复-men)","警察,巡警 policewoman ( -women) n. 女警察",n.,"高中",B2
22285,policy,"政策",n.,"高中",B2
22286,polish,"擦亮",v.,"高中",B2
22287,polite,"有礼貌的,有教养的",a.,"高中",B1
22288,politician,"政治家",n.,"高中",B2
22289,politics,"政治",n.,"高中",B2
22290,poll,"民意调查",n.,"高中",B2
22291,pollute,"污染",vt.,"高中",B1
22292,pond,"池塘",n.,"高中",B2
22293,pool,"水塘，水池",n.,"高中",A2
22294,poor,"贫穷；可怜；不好的,差的",a.,"高中",A2
22295,pop,"流行音乐",n.,"高中",B2
22296,"pop = popular","(口语) （音乐、艺术等）大众的，通俗的",a.,"高中",B2
22297,popular,"流行,大众,受欢迎的",a.,"高中",B1
22298,population,"人口，人数",n.,"高中",B2
22299,porcelain,"瓷器",n.,"高中",B2
22300,pork,"猪肉",n.,"高中",A2
22301,porridge,"稀饭，粥",n.,"高中",B2
22302,port,"港口，码头",n.,"高中",A2
22303,portable,"便携的",adj.,"高中",B2
22304,porter,"搬运工",n.,"高中",B2
22305,portion,"部分",n.,"高中",B2
22306,portrait,"肖像",n.,"高中",B2
22307,pose,"姿势",n.,"高中",B2
22308,positive,"积极的",adj.,"高中",B2
22309,possess,"拥有",v.,"高中",B2
22310,possession,"财产",n.,"高中",B2
22311,possible,"可能的",a.,"高中",B2
22312,post,"邮政，邮寄，邮件 v. 投寄；邮寄",n.,"高中",A2
22313,postage,"邮费",n.,"高中",B1
22314,postbox,"邮箱",n.,"高中",B1
22315,postcard,"明信片",n.,"高中",B2
22316,postcode,"（英）邮政编码",n.,"高中",B2
22317,postman,"邮递员",n.,"高中",B1
22318,potato,"土豆，马铃薯",n.,"高中",B1
22319,potential,"潜在的，可能的",a.,"高中",B2
22320,pound,"磅；英镑",n.,"高中",A2
22321,pour,"倾泻，不断流出",vi.,"高中",A2
22322,poverty,"贫困",n.,"高中",B2
22323,powder,"粉末",n.,"高中",B2
22324,practical,"实际的",adj.,"高中",B2
22325,practice(s)e,"练习",n.,"高中",B2
22326,practitioner,"从业者",n.,"高中",B2
22327,praise,"n.& vt. 赞扬，表扬","","高中",B1
22328,pray,"祈祷",v.,"高中",B2
22329,precaution,"预防措施",n.,"高中",B2
22330,precise,"精确的",adj.,"高中",B2
22331,predict,"预测",v.,"高中",B2
22332,preference,"偏好",n.,"高中",B2
22333,pregnant,"怀孕的",adj.,"高中",B2
22334,prejudice,"偏见",n.,"高中",B2
22335,preliminary,"初步的",adj.,"高中",B2
22336,premier,"总理",n.,"高中",B2
22337,premium,"优质的",adj.,"高中",B2
22338,prepare,"准备,预备,调制,配制",vt.,"高中",B1
22339,prescribe,"开处方",v.,"高中",B2
22340,present,"出现的，出席的 n. 礼物，赠品 vt. 呈奉，奉送",a.,"高中",B1
22341,preserve,"保存",v.,"高中",B2
22342,president,"总统",n.,"高中",B2
22343,press,"压,按 n. 新闻界,出版社",vt.,"高中",A2
22344,presumably,"大概",adv.,"高中",B2
22345,pretend,"假装",v.,"高中",B2
22346,pretty,"漂亮的，俊俏的",a.,"高中",B1
22347,prevail,"盛行",v.,"高中",B2
22348,prevent,"防止, 预防",vt.,"高中",B1
22349,previous,"以前的",adj.,"高中",B2
22350,price,"价格，价钱",n.,"高中",A2
22351,pride,"自豪，骄傲",n.,"高中",A2
22352,priest,"牧师",n.,"高中",B2
22353,primary,"主要的",adj.,"高中",B2
22354,prime,"首要的",adj.,"高中",B2
22355,primitive,"原始的",adj.,"高中",B2
22356,prince,"王子",n.,"高中",B2
22357,princess,"公主",n.,"高中",B2
22358,principal,"主要的；校长",adj./n.,"高中",B2
22359,print,"印刷",vt.,"高中",A2
22360,prior,"先前的",adj.,"高中",B2
22361,priority,"优先",n.,"高中",B2
22362,privacy,"隐私",n.,"高中",B2
22363,privilege,"特权",n.,"高中",B2
22364,prize,"奖赏，奖品",n.,"高中",A2
22365,probable,"很可能,很有希望的",a.,"高中",B2
22366,probably,"很可能，大概",ad.,"高中",B2
22367,problem,"问题，难题",n.,"高中",B1
22368,procedure,"程序",n.,"高中",B2
22369,proceed,"继续",v.,"高中",B2
22370,produce,"生产；制造",vt.,"高中",B1
22371,product,"产品",n.,"高中",B2
22372,productive,"多产的",adj.,"高中",B2
22373,profession,"职业",n.,"高中",B2
22374,professional,"专业的",adj.,"高中",B2
22375,professor,"教授",n.,"高中",B2
22376,profile,"简介",n.,"高中",B2
22377,profit,"利润",n.,"高中",B2
22378,profound,"深刻的",adj.,"高中",B2
22379,"programme (美program)","节目；项目",n.,"高中",B2
22380,progress,"进步,上进 vi. 进展,进行",n.,"高中",B2
22381,progressive,"进步的",adj.,"高中",B2
22382,prohibit,"禁止",v.,"高中",B2
22383,project,"项目",n.,"高中",B2
22384,prominent,"突出的",adj.,"高中",B2
22385,promise,"n.& vi. 答应，允诺","","高中",B1
22386,promote,"促进",v.,"高中",B2
22387,promotion,"晋升",n.,"高中",B2
22388,prompt,"迅速的；提示",adj./v.,"高中",B2
22389,pronounce,"发音",vt.,"高中",B2
22390,pronunciation,"发音",n.,"高中",B2
22391,proof,"证据",n.,"高中",B2
22392,proper,"恰当的，合适的",a.,"高中",B1
22393,property,"财产",n.,"高中",B2
22394,proportion,"比例",n.,"高中",B2
22395,proposal,"提议",n.,"高中",B2
22396,propose,"提议",v.,"高中",B2
22397,prospect,"前景",n.,"高中",B2
22398,prosperity,"繁荣",n.,"高中",B2
22399,protect,"保护",vt.,"高中",B1
22400,protein,"蛋白质",n.,"高中",B2
22401,protest,"抗议",n./v.,"高中",B2
22402,proud,"自豪的；骄傲的",a.,"高中",A2
22403,provide,"提供",vt.,"高中",B1
22404,province,"省",n.,"高中",B2
22405,provision,"供应",n.,"高中",B2
22406,psychological,"心理的",adj.,"高中",B2
22407,pub,"酒吧",n.,"高中",B2
22408,public,"公共,公众的 n. 公众",a.,"高中",B1
22409,publication,"出版",n.,"高中",B2
22410,publicity,"宣传",n.,"高中",B2
22411,publish,"出版",v.,"高中",B2
22412,pull,"拉，拖 n. 拉力，引力","","高中",A2
22413,pulse,"脉搏",n.,"高中",B2
22414,pump,"泵",n.,"高中",B2
22415,punctual,"守时的",adj.,"高中",B2
22416,punish,"惩罚",v.,"高中",B2
22417,purchase,"购买",v.,"高中",B2
22418,pure,"纯的",adj.,"高中",B2
22419,purple,"/ a. 紫色",n.,"高中",B1
22420,purse,"钱包",n.,"高中",A2
22421,pursue,"追求",v.,"高中",B2
22422,push,"n.& v. 推","","高中",A2
22423,"put (put, put)","放，摆",vt.,"高中",B2
22424,puzzle,"谜",n.,"高中",B2
22425,qualification,"资格",n.,"高中",B2
22426,qualify,"使合格",v.,"高中",B2
22427,quarrel,"争吵，吵架",vi.,"高中",B1
22428,quarter,"四分之一，一刻钟",n.,"高中",B1
22429,queen,"皇后，女王",n.,"高中",A2
22430,quest,"探索",n.,"高中",B2
22431,question,"询问 n. 问题",vt.,"高中",B2
22432,queue,"行列，长队",n.,"高中",A2
22433,quick,"快；敏捷的；急剧的",a.,"高中",A2
22434,quiet,"安静的；寂静的",a.,"高中",A2
22435,quilt,"被子；被状物",n.,"高中",A2
22436,quit,"离任，离校，戒掉",v.,"高中",A2
22437,quite,"完全，十分",ad.,"高中",A2
22438,quiz,"测验，小型考试",n.,"高中",A2
22439,quotation,"引语",n.,"高中",B2
22440,quote,"引用",v.,"高中",B2
22441,rabbit,"兔，家兔",n.,"高中",B1
22442,race,"种族，民族 v.（速度）竞赛，比赛 n. 赛跑，竞赛",n.,"高中",A2
22443,racial,"种族的",adj.,"高中",B2
22444,radiation,"辐射",n.,"高中",B2
22445,radical,"根本的",adj.,"高中",B2
22446,radio,"无线电，收音机",n.,"高中",A2
22447,rage,"愤怒",n.,"高中",B2
22448,raid,"突袭",n./v.,"高中",B2
22449,rail,"铁路",n.,"高中",A2
22450,railway,"铁路；铁道",n.,"高中",B1
22451,rain,"雨，雨水 vi. 下雨",n.,"高中",A2
22452,raincoat,"雨衣",n.,"高中",B2
22453,rainy,"下雨的；多雨的",a.,"高中",A2
22454,raise,"使升高；饲养",vt.,"高中",A2
22455,rally,"集会",n.,"高中",B2
22456,random,"随机的",adj.,"高中",B2
22457,range,"范围",n.,"高中",B2
22458,rank,"等级",n.,"高中",B2
22459,rapid,"迅速的",adj.,"高中",B2
22460,rare,"稀有的",adj.,"高中",B2
22461,rat,"老鼠",n.,"高中",A1
22462,rate,"比率",n.,"高中",B2
22463,rather,"相当，宁可",ad.,"高中",B1
22464,ratio,"比例",n.,"高中",B2
22465,rational,"理性的",adj.,"高中",B2
22466,raw,"生的",adj.,"高中",B2
22467,reach,"到达,伸手(脚)够到",v.,"高中",A2
22468,react,"反应",v.,"高中",B2
22469,reaction,"反应",n.,"高中",B2
22470,"read (read, read)","读；朗读",v.,"高中",B2
22471,ready,"准备好的",a.,"高中",A2
22472,real,"真实的，确实的",a.,"高中",A2
22473,"realise (美realize)","认识到,实现",vt.,"高中",B2
22474,"really v","真正地；到底；确实",ad.,"高中",B2
22475,realm,"领域",n.,"高中",B2
22476,rear,"后面的",adj.,"高中",B2
22477,reason,"理由,原因",n.,"高中",B1
22478,rebel,"叛逆者",n.,"高中",B2
22479,receive,"收到，得到",v.,"高中",B1
22480,recent,"近来的，最近的",a.,"高中",B1
22481,recession,"衰退",n.,"高中",B2
22482,reckon,"认为",v.,"高中",B2
22483,recognition,"认出",n.,"高中",B2
22484,recommend,"推荐",v.,"高中",B2
22485,record,"记录；唱片",n.,"高中",B1
22486,recovery,"恢复",n.,"高中",B2
22487,recreation,"娱乐",n.,"高中",B2
22488,recruit,"招募",v.,"高中",B2
22489,recycle,"回收；再循环",vt.,"高中",B1
22490,red,"红色 a. 红色的",n.,"高中",A1
22491,reduction,"减少",n.,"高中",B2
22492,refer,"参考",v.,"高中",B2
22493,reference,"参考",n.,"高中",B2
22494,refine,"精炼",v.,"高中",B2
22495,reflect,"反映",v.,"高中",B2
22496,reflection,"反映",n.,"高中",B2
22497,reform,"改革",n./v.,"高中",B2
22498,refugee,"难民",n.,"高中",B2
22499,refusal,"拒绝",n.,"高中",B2
22500,refuse,"拒绝，不愿",vi.,"高中",B1
22501,regard,"把…看作",v.,"高中",B1
22502,regarding,"关于",prep.,"高中",B2
22503,regardless,"不管",adv.,"高中",B2
22504,regime,"政权",n.,"高中",B2
22505,region,"地区",n.,"高中",B2
22506,register,"注册",v.,"高中",B2
22507,regret,"n./ vt. 可惜,遗憾;痛惜;哀悼","","高中",B1
22508,regulate,"调节",v.,"高中",B2
22509,regulation,"规则，规章",n.,"高中",B2
22510,reinforce,"加强",v.,"高中",B2
22511,reject,"拒绝",v.,"高中",B2
22512,relate,"关联",v.,"高中",B2
22513,relay,"接力，接替人，中转 v. 接替，补充；转运",n.,"高中",A2
22514,release,"释放",v./n.,"高中",B2
22515,relevant,"相关的",adj.,"高中",B2
22516,reliable,"可靠的",adj.,"高中",B2
22517,relief,"缓解",n.,"高中",B2
22518,religion,"宗教",n.,"高中",B2
22519,religious,"宗教的",adj.,"高中",B2
22520,rely,"依赖",v.,"高中",B2
22521,remain,"余下,留下 vi. 保持,仍是",vt.,"高中",B1
22522,remark,"评论",n./v.,"高中",B2
22523,remarkable,"显著的",adj.,"高中",B2
22524,remedy,"补救",n.,"高中",B2
22525,remember,"记得，想起",v.,"高中",B2
22526,remote,"遥远的",adj.,"高中",B2
22527,removal,"移除",n.,"高中",B2
22528,render,"使成为",v.,"高中",B2
22529,renew,"更新",v.,"高中",B2
22530,renewable,"可再生的",adj.,"高中",B2
22531,rent,"n.& v. 租金","","高中",A2
22532,repair,"n.& vt. 修理；修补","","高中",B1
22533,repeat,"重说，重做",vt.,"高中",B1
22534,reply,"回答，答复",n.,"高中",A2
22535,report,"n.& v. 报道，报告","","高中",B1
22536,represent,"代表",v.,"高中",B2
22537,representative,"代表",n./adj.,"高中",B2
22538,reproduce,"复制",v.,"高中",B2
22539,republic,"共和国",n.,"高中",B2
22540,reputation,"名声",n.,"高中",B2
22541,request,"请求",n./v.,"高中",B2
22542,research,"研究，调查",n.,"高中",B2
22543,resemble,"像",v.,"高中",B2
22544,reservation,"预订",n.,"高中",B2
22545,reserve,"预订",v.,"高中",B2
22546,resign,"辞职",v.,"高中",B2
22547,resist,"抵抗",v.,"高中",B2
22548,resolution,"决心",n.,"高中",B2
22549,resolve,"解决",v.,"高中",B2
22550,resort,"度假地",n.,"高中",B2
22551,resource,"资源",n.,"高中",B2
22552,respectively,"分别地",adv.,"高中",B2
22553,respond,"回应",v.,"高中",B2
22554,response,"回应",n.,"高中",B2
22555,rest,"休息；剩余的部分，其余的人（物） vi. 休息，歇息",n.,"高中",A2
22556,restaurant,"饭馆, 饭店",n.,"高中",B2
22557,restore,"恢复",v.,"高中",B2
22558,restrain,"抑制",v.,"高中",B2
22559,restrict,"限制",v.,"高中",B2
22560,result,"结果，效果",n.,"高中",B1
22561,resume,"恢复",v.,"高中",B2
22562,retail,"零售",n.,"高中",B2
22563,retain,"保持",v.,"高中",B2
22564,retire,"退休",v.,"高中",B2
22565,retreat,"撤退",v./n.,"高中",B2
22566,return,"归还",v.,"高中",B1
22567,reveal,"揭示",v.,"高中",B2
22568,revenue,"收入",n.,"高中",B2
22569,reverse,"相反的",adj./v.,"高中",B2
22570,review,"重新调查；回顾；复习 n. 复查；复习；评论",vt.,"高中",B1
22571,revise,"修订",v.,"高中",B2
22572,revolt,"反抗",n./v.,"高中",B2
22573,revolution,"革命",n.,"高中",B2
22574,reward,"奖励",n./v.,"高中",B2
22575,rhythm,"节奏",n.,"高中",B2
22576,rib,"肋骨",n.,"高中",B2
22577,rice,"稻米；米饭",n.,"高中",A2
22578,rich,"富裕的，有钱的",a.,"高中",A2
22579,rid,"摆脱",v.,"高中",B2
22580,riddle,"谜(语)",n.,"高中",B1
22581,"ride (rode, ridden)","骑（马、自行车）；乘车 n. 乘车旅行",v.,"高中",B2
22582,ridge,"山脊",n.,"高中",B2
22583,ridiculous,"荒谬的",adj.,"高中",B2
22584,rifle,"步枪",n.,"高中",B2
22585,right,"权利 a. 对,正确的 ad. 正确地,恰恰,完全地 a. 右,右边的",n.,"高中",A2
22586,rigid,"僵硬的",adj.,"高中",B2
22587,rigorous,"严格的",adj.,"高中",B2
22588,"ring (rang, rung)","v.（钟、铃等）响；打电话 n. 铃声 n. 环形物（如环、圈、戒指等）","","高中",B2
22589,riot,"暴乱",n.,"高中",B2
22590,rip,"撕开",v.,"高中",B2
22591,ripe,"成熟的",adj.,"高中",B2
22592,"rise (rose, risen)","上升，上涨",vi.,"高中",B2
22593,ritual,"仪式",n.,"高中",B2
22594,rival,"对手",n.,"高中",B2
22595,river,"江；河；水道；巨流",n.,"高中",A2
22596,road,"路，道路",n.,"高中",A2
22597,roar,"咆哮",v.,"高中",B2
22598,rob,"抢夺，抢劫",v.,"高中",A1
22599,robot,"机器人",n.,"高中",A2
22600,robust,"强健的",adj.,"高中",B2
22601,rock,"岩石,大石头 vt. 摇,摇晃",n.,"高中",A2
22602,role,"角色",n.,"高中",B2
22603,roll,"滚动",v.,"高中",B2
22604,room,"房间,室;空间;地方",n.,"高中",A2
22605,root,"根",n.,"高中",B2
22606,rope,"绳子",n.,"高中",B2
22607,rose,"玫瑰花",n.,"高中",A2
22608,rot,"腐烂",v.,"高中",B2
22609,rough,"粗糙的，粗略的",a.,"高中",A2
22610,round,"转过来 prep. 环绕一周，围着 a. 圆的；球形的",ad.,"高中",A2
22611,route,"路线",n.,"高中",B2
22612,routine,"常规",n.,"高中",B2
22613,row,"n.（一）排,（一）行 v. 划船","","高中",A1
22614,royal,"皇家的",adj.,"高中",B2
22615,rub,"擦",v.,"高中",B2
22616,rubber,"橡胶；合成橡胶",n.,"高中",B1
22617,rubbish,"垃圾；废物",n.,"高中",B1
22618,rude,"无理的, 粗鲁的",a.,"高中",A2
22619,ruin,"废墟",n./v.,"高中",B2
22620,rule,"规则,规定 vt. 统治,支配",n.,"高中",A2
22621,ruler,"统治者；直尺",n.,"高中",A2
22622,"run (ran, run)","跑，奔跑；（颜色）褪色",vi.,"高中",B2
22623,runner,"赛跑者；操作者；滑行装置",n.,"高中",B1
22624,rural,"农村的",adj.,"高中",B2
22625,rush,"冲，奔跑",vi.,"高中",A2
22626,Russia,"俄罗斯，俄国",n.,"高中",B1
22627,Russian,"俄国人的，俄语的 n. 俄国人，俄语",a.,"高中",B1
22628,sack,"麻袋",n.,"高中",B2
22629,sacred,"神圣的",adj.,"高中",B2
22630,sacrifice,"牺牲",v./n.,"高中",B2
22631,safe,"安全的 n. 保险柜",a.,"高中",A2
22632,safety,"安全，保险",n.,"高中",B1
22633,sail,"航行 v. 航行，开航",n.,"高中",A2
22634,sake,"缘故",n.,"高中",B2
22635,salad,"色拉",n.,"高中",A2
22636,salary,"薪水",n.,"高中",B2
22637,sale,"卖，出售",n.,"高中",A2
22638,salesgirl,"女售货员",n.,"高中",B2
22639,salesman,"男售货员",n.,"高中",B2
22640,saleswoman,"女售货员",n.,"高中",B2
22641,salt,"盐",n.,"高中",A2
22642,same,"同样的事 a. 同样的,同一",n.,"高中",A2
22643,sample,"样本",n.,"高中",B2
22644,sanction,"制裁",n.,"高中",B2
22645,sand,"沙，沙子",n.,"高中",A2
22646,sandwich,"三明治（夹心面包片）",n.,"高中",B2
22647,satellite,"卫星",n.,"高中",B2
22648,satisfaction,"满意",n.,"高中",B2
22649,satisfactory,"令人满意的",adj.,"高中",B2
22650,satisfy,"满足，使满意",vt.,"高中",B1
22651,Saturday,"星期六",n.,"高中",B2
22652,sauce,"酱",n.,"高中",B2
22653,saucer,"茶托",n.,"高中",B2
22654,sausage,"香肠",n.,"高中",B2
22655,save,"救，挽救，节省",vt.,"高中",A2
22656,saving,"储蓄",n.,"高中",B2
22657,"say (said, said)","说，讲",vt.,"高中",B2
22658,scale,"规模",n.,"高中",B2
22659,scan,"扫描",v.,"高中",B2
22660,scandal,"丑闻",n.,"高中",B2
22661,scarce,"稀缺的",adj.,"高中",B2
22662,scarcely,"几乎不",adv.,"高中",B2
22663,scare,"惊吓",v.,"高中",B2
22664,scatter,"散开",v.,"高中",B2
22665,scenario,"情景",n.,"高中",B2
22666,scenery,"风景，景色，风光",n.,"高中",B1
22667,schedule,"时间表",n.,"高中",B2
22668,scheme,"方案",n.,"高中",B2
22669,scholar,"学者",n.,"高中",B2
22670,scholarship,"奖学金",n.,"高中",B2
22671,school,"学校",n.,"高中",B1
22672,schoolbag,"书包",n.,"高中",B2
22673,schoolmate,"同校同学",n.,"高中",B2
22674,science,"科学，自然科学",n.,"高中",B1
22675,scientific,"科学的",a.,"高中",B2
22676,scientist,"科学家",n.,"高中",B2
22677,scissors,"剪刀，剪子",n.,"高中",B2
22678,scold,"责骂",v.,"高中",B2
22679,scope,"范围",n.,"高中",B2
22680,score,"n.& v. 得分，分数,二十","","高中",A2
22681,scratch,"抓",v./n.,"高中",B2
22682,scream,"尖叫",v.,"高中",B2
22683,screen,"幕，荧光屏",n.,"高中",B1
22684,screw,"螺丝",n.,"高中",B2
22685,script,"剧本",n.,"高中",B2
22686,sculpture,"雕塑",n.,"高中",B2
22687,sea,"海，海洋",n.,"高中",A1
22688,seagull,"海鸥",n.,"高中",B1
22689,seal,"密封；海豹",v./n.,"高中",B2
22690,search,"n.& v. 搜寻，搜查","","高中",B1
22691,season,"季；季节",n.,"高中",B1
22692,seat,"座位，座",n.,"高中",A2
22693,second,"秒 num. 第二 a. 第二的",n.,"高中",B1
22694,secondary,"次要的",adj.,"高中",B2
22695,secondhand,"二手货; 旧货",n.,"高中",B2
22696,secret,"秘密，内情",n.,"高中",B1
22697,secretary,"秘书；书记",n.,"高中",B2
22698,section,"部分",n.,"高中",B2
22699,sector,"部门",n.,"高中",B2
22700,secure,"安全的",adj.,"高中",B2
22701,"see (saw, seen)","看见，看到；领会；拜会",vt.,"高中",B2
22702,seek,"寻找",v.,"高中",B2
22703,seem,"似乎，好像",v.,"高中",A2
22704,seize,"抓住",v.,"高中",B2
22705,seldom,"很少，不常",ad.,"高中",B1
22706,"sell (sold, sold)","卖，售",v.,"高中",B2
22707,semester,"学期",n.,"高中",B2
22708,seminar,"研讨会",n.,"高中",B2
22709,senator,"参议员",n.,"高中",B2
22710,"send (sent, sent)","打发，派遣；送，邮寄",v.,"高中",B2
22711,senior,"高级的",adj.,"高中",B2
22712,sensation,"感觉",n.,"高中",B2
22713,sensible,"明智的",adj.,"高中",B2
22714,sensitive,"敏感的",adj.,"高中",B2
22715,sentence,"句子",n.,"高中",B2
22716,separate,"使分开，使分离 a. 单独的，分开的",v.,"高中",B2
22717,September,"9月",n.,"高中",B2
22718,sequence,"顺序",n.,"高中",B2
22719,serious,"严肃的,严重的,认真的",a.,"高中",B1
22720,servant,"仆人，佣人",n.,"高中",B1
22721,serve,"招待（顾客等）,服务",vt.,"高中",A2
22722,session,"会议",n.,"高中",B2
22723,"set (set, set)","释放，安置 n. 装备，设备",vt.,"高中",B2
22724,seven,"七",num.,"高中",A2
22725,seventeen,"十七",num.,"高中",B2
22726,seventh,"第七",num.,"高中",B1
22727,seventy,"七十",num.,"高中",B1
22728,several,"几个,数个 a. 若干",pron.,"高中",B1
22729,severe,"极为恶劣,十分严重的",a.,"高中",B1
22730,shade,"阴影",n.,"高中",B2
22731,"shall (should)","aux.（表示将来）将要，会；…好吗",v.,"高中",B2
22732,shallow,"浅的",adj.,"高中",B2
22733,shame,"羞耻",n.,"高中",B2
22734,shape,"形状，外形 v. 使成型，制造，塑造",n.,"高中",A2
22735,share,"分享，共同使用",vt.,"高中",A2
22736,sharp,"锋利的，尖的",a.,"高中",A2
22737,sharpener,"削尖用的器具",n.,"高中",B2
22738,she,"她",pron.,"高中",A1
22739,sheet,"成幅的薄片，薄板",n.,"高中",A2
22740,"shelf (复 shelves)","架子；搁板；格层；礁；陆架",n.,"高中",B2
22741,shelter,"庇护所",n.,"高中",B2
22742,shift,"转移",v./n.,"高中",B2
22743,shine,"光泽；光彩；阳光；晴天；光(亮)",n.,"高中",A2
22744,"shine (shone, shone或-d, -d)","发光；照耀；杰出；擦亮",v.,"高中",B2
22745,ship,"船，轮船 vi. 用船装运",n.,"高中",A2
22746,shirt,"男衬衫",n.,"高中",A2
22747,shiver,"颤抖",v.,"高中",B2
22748,shoe,"鞋",n.,"高中",A2
22749,shoot,"(shot, shot) vt. 射击，射中，发射","","高中",A2
22750,shop,"买东西 n. 商店,车间",vi.,"高中",A2
22751,shopping,"买东西",n.,"高中",B2
22752,shore,"滨，岸",n.,"高中",A2
22753,short,"短的；矮的",a.,"高中",A2
22754,shortage,"短缺",n.,"高中",B2
22755,shortcoming,"缺点",n.,"高中",B2
22756,should,"mod. 应当，应该，会 v. aux. 会,应该（shall的过去时态）",v.,"高中",B1
22757,shout,"n.& v. 喊，高声呼喊","","高中",A2
22758,show,"(showed, shown 或 showed)  v. 给…看,出示,显示","","高中",A2
22759,shower,"阵雨；淋浴",n.,"高中",B1
22760,shrink,"收缩",v.,"高中",B2
22761,"shut (shut, shut)","/ n. 关上，封闭；禁闭；",v.,"高中",B2
22762,shy,"害羞的",a.,"高中",A1
22763,sick,"有病,患病的,（想）呕吐",a.,"高中",A2
22764,side,"边，旁边，面，侧面",n.,"高中",A2
22765,sigh,"叹气",v./n.,"高中",B2
22766,sightseeing,"观光",n.,"高中",B2
22767,signal,"信号",n.,"高中",B2
22768,signature,"签名",n.,"高中",B2
22769,significance,"重要性",n.,"高中",B2
22770,significant,"重要的",adj.,"高中",B2
22771,silly,"傻的，愚蠢的",a.,"高中",A2
22772,simplify,"简化",v.,"高中",B2
22773,simulate,"模拟",v.,"高中",B2
22774,since,"从那时以来 conj. 从…以来，…以后，由于 prep. 从…以来",ad.,"高中",A2
22775,sincere,"真诚的",adj.,"高中",B2
22776,"sing (sang, sung)","唱，唱歌",v.,"高中",B2
22777,singer,"歌唱家，歌手",n.,"高中",B1
22778,single,"单一的，单个的",a.,"高中",B1
22779,sink,"下沉",v.,"高中",B2
22780,"sink (sank, sunk)","下沉；消沉  n. 洗涤槽；污水槽",vi.,"高中",B2
22781,sir,"先生；阁下",n.,"高中",A1
22782,sister,"姐；妹",n.,"高中",B1
22783,"sit (sat, sat)","坐",vi.,"高中",B2
22784,site,"地点",n.,"高中",B2
22785,six,"六",num.,"高中",A1
22786,sixteen,"十六",num.,"高中",B1
22787,sixteenth,"第十六",num.,"高中",B2
22788,sixth,"第六",num.,"高中",A2
22789,sixty,"六十",num.,"高中",A2
22790,size,"尺寸，大小",n.,"高中",A2
22791,skate,"溜冰，滑冰",vi.,"高中",A2
22792,skateboard,"冰鞋，滑板",n.,"高中",B2
22793,skeleton,"骨架",n.,"高中",B2
22794,sketch,"素描",n.,"高中",B2
22795,ski,"n.& vi. 滑雪板；滑雪","","高中",A1
22796,skip,"跳过",v.,"高中",B2
22797,skirt,"女裙",n.,"高中",A2
22798,sky,"天；天空",n.,"高中",A1
22799,slam,"猛关",v.,"高中",B2
22800,slavery,"奴隶制",n.,"高中",B2
22801,"sleep (slept, slept)","睡觉",vi.,"高中",B2
22802,slight,"轻微的",adj.,"高中",B2
22803,slim,"苗条的",adj.,"高中",B2
22804,slip,"滑倒",v.,"高中",B2
22805,slogan,"口号",n.,"高中",B2
22806,slope,"斜坡",n.,"高中",B2
22807,slow,"慢慢地，缓慢地",ad.,"高中",A2
22808,small,"小的，少的",a.,"高中",A2
22809,smash,"打碎",v.,"高中",B2
22810,"smell (smelt, smelt / -ed,-ed)","嗅，闻到；发气味 n. 气味",v.,"高中",B2
22811,smile,"n.& v. 微笑","","高中",A2
22812,smoke,"烟 v. 冒烟；吸烟",n.,"高中",A2
22813,smoking,"吸烟,抽烟;冒烟",n.,"高中",B1
22814,smooth,"光滑的",adj.,"高中",B2
22815,snake,"蛇 v. 蛇般爬行;蜿蜒行进",n.,"高中",A2
22816,snap,"折断",v.,"高中",B2
22817,snow,"雪 vi.下雪",n.,"高中",A2
22818,so,"如此，这么；非常；同样 conj. 因此，所以",ad.,"高中",A1
22819,so-so,"一般；不怎么样；凑合",a.,"高中",A2
22820,soak,"浸泡",v.,"高中",B2
22821,soap,"肥皂",n.,"高中",A2
22822,soar,"飙升",v.,"高中",B2
22823,socialism,"社会主义",n.,"高中",B2
22824,society,"社会",n.,"高中",B1
22825,sociology,"社会学",n.,"高中",B2
22826,sock,"短袜",n.,"高中",A2
22827,soft,"软的，柔和的",a.,"高中",A2
22828,soil,"土壤，土地",n.,"高中",A2
22829,solar,"太阳的",adj.,"高中",B2
22830,soldier,"士兵，战士",n.,"高中",B1
22831,sole,"唯一的",adj.,"高中",B2
22832,solemn,"庄严的",adj.,"高中",B2
22833,solidarity,"团结",n.,"高中",B2
22834,some,"一些，若干；有些；某一 pron. 若干，一些",a.,"高中",A2
22835,somebody,"某人；有人；有名气的人",pron.,"高中",B2
22836,somehow,"以某种方式",adv.,"高中",B2
22837,someone,"某一个人",pron.,"高中",B1
22838,something,"某事；某物",pron.,"高中",B2
22839,somewhat,"有点",adv.,"高中",B2
22840,somewhere,"在某处",ad.,"高中",B2
22841,son,"儿子",n.,"高中",A1
22842,song,"歌唱；歌曲",n.,"高中",A2
22843,soon,"不久,很快,一会儿",ad.,"高中",A2
22844,sophisticated,"精密的",adj.,"高中",B2
22845,sorrow,"悲伤",n.,"高中",B2
22846,sorry,"对不起,抱歉;难过的",a.,"高中",A2
22847,sort,"种类",n.,"高中",B2
22848,soul,"灵魂",n.,"高中",B2
22849,sound,"听起来,发出声音 n. 声音",vi.,"高中",A2
22850,soup,"汤",n.,"高中",A2
22851,sour,"酸的，馊的",a.,"高中",A2
22852,source,"来源",n.,"高中",B2
22853,south,"南(方)的 ad. 在南方；向南方 n. 南；南方；南部",a.,"高中",A2
22854,southeast,"东南",n.,"高中",B2
22855,southern,"南部的，南方的",a.,"高中",B2
22856,southwest,"西南",n.,"高中",B2
22857,souvenir,"纪念品",n.,"高中",B2
22858,sovereign,"主权的",adj.,"高中",B2
22859,"sow (sowed, sown或-ed)","播种",vt.,"高中",B2
22860,space,"空间",n.,"高中",A2
22861,spaceship,"宇宙飞船",n.,"高中",B2
22862,spare,"空闲的；多余的",adj.,"高中",B2
22863,spark,"火花",n.,"高中",B2
22864,"speak (spoke, spoken)","说，讲；谈话；发言",v.,"高中",B2
22865,special,"特别的，专门的",a.,"高中",B1
22866,specialist,"专家",n.,"高中",B2
22867,species,"物种",n.,"高中",B2
22868,spectacle,"景象",n.,"高中",B2
22869,spectrum,"光谱",n.,"高中",B2
22870,speech,"演讲",n.,"高中",B1
22871,speed,"速度 v.（使）加速",n.,"高中",A2
22872,spell,"拼写",vt.,"高中",A2
22873,spill,"溢出",v.,"高中",B2
22874,spin,"旋转",v.,"高中",B2
22875,spirit,"精神",n.,"高中",B1
22876,spiritual,"精神的",adj.,"高中",B2
22877,spit,"吐唾沫；吐痰",v.,"高中",A2
22878,spite,"恶意",n.,"高中",B2
22879,splendid,"辉煌的",adj.,"高中",B2
22880,split,"分裂",v.,"高中",B2
22881,spokesman,"发言人",n.,"高中",B2
22882,sponsor,"赞助商",n.,"高中",B2
22883,spoon,"匙, 调羹",n.,"高中",A2
22884,sport,"体育运动，锻炼；(复，英)运动会",n.,"高中",A2
22885,spot,"斑点，污点；场所，地点 v. 沾上污渍，弄脏",n.,"高中",A2
22886,spray,"喷雾",n./v.,"高中",B2
22887,spring,"春天,春季 n. 泉水,泉",n.,"高中",B1
22888,square,"广场 a. 平方的；方形的，宽而结实的（体格，肩膀）",n.,"高中",B1
22889,squeeze,"挤压",v.,"高中",B2
22890,stability,"稳定",n.,"高中",B2
22891,stable,"稳定的",adj.,"高中",B2
22892,stack,"堆",n.,"高中",B2
22893,stadium,"体育场",n.,"高中",B2
22894,staff,"员工",n.,"高中",B2
22895,stain,"污点",n.,"高中",B2
22896,stake,"利害关系",n.,"高中",B2
22897,stale,"不新鲜的",adj.,"高中",B2
22898,stamp,"邮票",n.,"高中",A2
22899,stand,"站；立；停止；立场；地位；台；坛；摊",n.,"高中",A2
22900,"stand (stood, stood)","站；立；起立；坐落；经受；持久",v.,"高中",B2
22901,standpoint,"立场",n.,"高中",B2
22902,star,"星，恒星",n.,"高中",A2
22903,stare,"盯着看",v.,"高中",B2
22904,start,"开始，着手；出发",v.,"高中",A2
22905,starve,"挨饿",v.,"高中",B2
22906,state,"状态；情形；国家，（美国的）州",n.,"高中",A2
22907,station,"站，所，车站；电台",n.,"高中",B1
22908,statistics,"统计学",n.,"高中",B2
22909,statue,"雕像",n.,"高中",B2
22910,status,"地位",n.,"高中",B2
22911,stay,"n.& vi. 停留，逗留，呆","","高中",A2
22912,steady,"稳定的",adj.,"高中",B2
22913,steak,"牛排",n.,"高中",B2
22914,"steal (stole, stolen)","偷, 窃取",vt.,"高中",B2
22915,steep,"险峻的；陡峭的",a.,"高中",A2
22916,steer,"驾驶",v.,"高中",B2
22917,stem,"茎",n.,"高中",B2
22918,step,"脚步,台阶,梯级 vi. 走,跨步",n.,"高中",A2
22919,stereotype,"刻板印象",n.,"高中",B2
22920,steward,"乘务员",n.,"高中",B2
22921,"stick (stuck, stuck)","粘住，钉住；坚持 n. 木棒（棍）,枝条",vi.,"高中",B2
22922,still,"不动的,平静的 ad. 仍然,还",a.,"高中",A2
22923,stimulate,"刺激",v.,"高中",B2
22924,sting,"刺",v.,"高中",B2
22925,stir,"搅拌",v.,"高中",B2
22926,stock,"股票",n.,"高中",B2
22927,stocking,"长统袜",n.,"高中",B2
22928,stomach,"胃，胃部",n.,"高中",B1
22929,stomachache,"胃疼",n.,"高中",B2
22930,stone,"石头，石料",n.,"高中",A2
22931,stop,"停；（停车）站 v. 停，停止，阻止",n.,"高中",A2
22932,storage,"储存",n.,"高中",B2
22933,store,"商店 vt. 储藏，存储",n.,"高中",A2
22934,storm,"风暴，暴（风）雨",n.,"高中",A2
22935,story,"故事，小说",n.,"高中",A2
22936,straight,"一直的，直的 ad. 一直地，直地",a.,"高中",B2
22937,strain,"压力",n.,"高中",B2
22938,strand,"搁浅",v.,"高中",B2
22939,strange,"奇怪,奇特的,陌生的",a.,"高中",B1
22940,strategy,"策略",n.,"高中",B2
22941,straw,"稻草",n.,"高中",B2
22942,stream,"溪流",n.,"高中",B2
22943,street,"街，街道",n.,"高中",B1
22944,strength,"力量",n.,"高中",B2
22945,stretch,"伸展",v.,"高中",B2
22946,strict,"严格的，严密的",a.,"高中",B1
22947,strike,"打击；罢工",v./n.,"高中",B2
22948,"strike (struck, struck或stricken)","v.（钟）鸣;敲（响）,罢工,擦（打）火, 侵袭","","高中",B2
22949,strip,"条",n.,"高中",B2
22950,stripe,"条纹",n.,"高中",B2
22951,strive,"努力",v.,"高中",B2
22952,stroke,"中风；击",n.,"高中",B2
22953,strong,"强(壮)的；坚固的；强烈的；坚强的",a.,"高中",B1
22954,structure,"结构",n.,"高中",B2
22955,student,"学生",n.,"高中",B1
22956,studio,"工作室",n.,"高中",B2
22957,study,"学习；研究 n. 书房",v.,"高中",A2
22958,stuff,"东西",n.,"高中",B2
22959,stupid,"愚蠢的，笨的",a.,"高中",B1
22960,style,"风格",n.,"高中",B2
22961,subject,"题目；主题；学科；主语；主体",n.,"高中",B1
22962,subjective,"主观的",adj.,"高中",B2
22963,submit,"提交",v.,"高中",B2
22964,subsequent,"随后的",adj.,"高中",B2
22965,substance,"物质",n.,"高中",B2
22966,substantial,"大量的",adj.,"高中",B2
22967,substitute,"替代品",n.,"高中",B2
22968,subtle,"微妙的",adj.,"高中",B2
22969,suburb,"郊区",n.,"高中",B2
22970,succeed,"成功",vi.,"高中",B1
22971,success,"成功",n.,"高中",B1
22972,successful,"成功的,有成就的",a.,"高中",B2
22973,succession,"连续",n.,"高中",B2
22974,such,"那么 pron.（泛指）人，事物 a. 这样的，那样的",ad.,"高中",A2
22975,suck,"吸",v.,"高中",B2
22976,sudden,"突然的",a.,"高中",B1
22977,sue,"起诉",v.,"高中",B2
22978,sufficient,"足够的",adj.,"高中",B2
22979,sugar,"糖",n.,"高中",A2
22980,suggest,"建议，提议",vt.,"高中",B1
22981,suggestion,"建议",n.,"高中",B2
22982,suit,"适合 n. 一套（衣服）",vt.,"高中",A2
22983,summer,"夏天，夏季",n.,"高中",B1
22984,summit,"峰会",n.,"高中",B2
22985,sun,"太阳，阳光",n.,"高中",A1
22986,Sunday,"星期日",n.,"高中",B1
22987,sunglasses,"太阳眼镜，墨镜",n.,"高中",B2
22988,sunlight,"日光，阳光",n.,"高中",B2
22989,sunny,"晴朗的;阳光充足的",a.,"高中",A2
22990,sunrise,"黎明，拂晓",n.,"高中",B1
22991,sunset,"日落(时分)",n.,"高中",B1
22992,sunshine,"阳光",n.,"高中",B2
22993,super,"顶好的，超级的",a.,"高中",A2
22994,superb,"极好的",adj.,"高中",B2
22995,superficial,"表面的",adj.,"高中",B2
22996,superior,"优越的",adj.,"高中",B2
22997,supermarket,"超级市场",n.,"高中",B2
22998,supervise,"监督",v.,"高中",B2
22999,supper,"晚餐，晚饭",n.,"高中",B1
23000,supplement,"补充",n.,"高中",B2
23001,supply,"vt.& n. 供给，供应","","高中",B1
23002,suppose,"猜想,假定,料想",vt.,"高中",B1
23003,supreme,"最高的",adj.,"高中",B2
23004,sure,"确信，肯定 ad. (口语)的确，一定，当然",a.,"高中",A2
23005,surf,"冲浪",v.,"高中",A2
23006,surgeon,"外科医生",n.,"高中",B2
23007,surgery,"手术",n.,"高中",B2
23008,surplus,"过剩",n.,"高中",B2
23009,surprise,"使惊奇,使诧异 n. 惊奇,诧异",vt.,"高中",B2
23010,surrender,"投降",v.,"高中",B2
23011,surround,"包围",v.,"高中",B2
23012,survey,"调查",n./v.,"高中",B2
23013,survival,"生存",n.,"高中",B2
23014,suspect,"怀疑",v./n.,"高中",B2
23015,suspend,"暂停",v.,"高中",B2
23016,suspicion,"怀疑",n.,"高中",B2
23017,sustain,"维持",v.,"高中",B2
23018,sustainable,"可持续的",adj.,"高中",B2
23019,swallow,"吞",v.,"高中",B2
23020,swear,"发誓",v.,"高中",B2
23021,sweat,"汗",n.,"高中",B2
23022,sweater,"厚运动衫，毛衣",n.,"高中",B1
23023,"sweep(swept,swept)","扫除，扫",v.,"高中",B2
23024,sweet,"甜食;蜜饯;甜点;糖果;芳香 a. 甜的;可爱的;亲切的",n.,"高中",A2
23025,swell,"肿胀",v.,"高中",B2
23026,swift,"迅速的",adj.,"高中",B2
23027,"swim (swam, swum)","游泳,游 n. 游泳，游",vi.,"高中",B2
23028,swimming,"游泳",n.,"高中",B2
23029,"swimming pool","游泳池",n.,"高中",B2
23030,swing,"挥舞，摆动 n. 秋千",vt.,"高中",A2
23031,switch,"开关",n./v.,"高中",B2
23032,sword,"剑",n.,"高中",B2
23033,symbol,"符号",n.,"高中",B2
23034,sympathy,"同情",n.,"高中",B2
23035,symphony,"交响乐",n.,"高中",B2
23036,symptom,"症状",n.,"高中",B2
23037,syndrome,"综合征",n.,"高中",B2
23038,synthetic,"合成的",adj.,"高中",B2
23039,system,"系统",n.,"高中",B2
23040,T-shirt,"T恤衫",n.,"高中",B1
23041,table,"桌子，表格",n.,"高中",A2
23042,tackle,"处理",v.,"高中",B2
23043,tag,"标签",n.,"高中",B2
23044,tail,"(动物的)尾巴",n.,"高中",A2
23045,tailor,"裁缝",n.,"高中",B1
23046,"take (took, taken)","拿；拿走；做；服用；乘坐；花费",vt.,"高中",B2
23047,tale,"故事, 传说",n.,"高中",A2
23048,talent,"才能",n.,"高中",B2
23049,talk,"n.& v. 谈话,讲话,演讲,交谈","","高中",A2
23050,tall,"高的",a.,"高中",A2
23051,tank,"坦克",n.,"高中",B2
23052,tap,"水龙头",n.,"高中",B2
23053,tape,"磁带；录音带",n.,"高中",A2
23054,tariff,"关税",n.,"高中",B2
23055,task,"任务, 工作",n.,"高中",A2
23056,taste,"品尝, 尝味；味道 vt. 品尝, 尝味",n.,"高中",A2
23057,taxi,"出租汽车",n.,"高中",A2
23058,tea,"茶；茶叶 ",n.,"高中",A1
23059,"teach(taught,taught)","教书,教",v.,"高中",B2
23060,teacher,"教师，教员",n.,"高中",B1
23061,team,"队，组",n.,"高中",A2
23062,teamwork,"合作，协同工作",n.,"高中",B2
23063,teapot,"茶壶",n.,"高中",B1
23064,tear,"眼泪 v. 扯破, 撕开",n.,"高中",A2
23065,technique,"技术",n.,"高中",B2
23066,technology,"技术",n.,"高中",B2
23067,tedious,"乏味的",adj.,"高中",B2
23068,telegram,"电报",n.,"高中",B2
23069,telegraph,"(拍) 电报",v.,"高中",B2
23070,telephone,"打电话 n. 电话",v.,"高中",B2
23071,telescope,"望远镜",n.,"高中",B2
23072,television,"电视",n.,"高中",B2
23073,"tell (told, told)","告诉,讲述,吩咐",vt.,"高中",B2
23074,temperature,"温度",n.,"高中",B2
23075,temple,"寺庙",n.,"高中",B2
23076,temporary,"临时的",adj.,"高中",B2
23077,ten,"十",num.,"高中",A1
23078,tend,"倾向",v.,"高中",B2
23079,tendency,"趋势",n.,"高中",B2
23080,tender,"温柔的",adj.,"高中",B2
23081,tense,"紧张的",adj.,"高中",B2
23082,tension,"紧张",n.,"高中",B2
23083,tent,"帐篷",n.,"高中",A2
23084,term,"学期;术语;条款;项",n.,"高中",A2
23085,terminal,"终点站",n.,"高中",B2
23086,terrible,"可怕的；糟糕的",a.,"高中",B2
23087,terrify,"使人感到恐怖",vt.,"高中",B1
23088,territory,"领土",n.,"高中",B2
23089,terror,"恐怖",n.,"高中",B2
23090,test,"vt.& n. 测试, 考查，试验","","高中",A2
23091,testimony,"证词",n.,"高中",B2
23092,text,"文本，课文",n.,"高中",A2
23093,textbook,"课本，教科书",n.,"高中",B2
23094,textile,"纺织品",n.,"高中",B2
23095,than,"比",conj.,"高中",A2
23096,thank,"感谢，致谢，道谢 n.（复）感谢，谢意",vt.,"高中",A2
23097,thankful,"感谢的，感激的",a.,"高中",B2
23098,that,"a.& pron.那，那个 conj. 那，那个 ad. 那么，那样","","高中",A2
23099,the,"这（那）个,这（那）些",art.,"高中",A1
23100,"theatre (美theater)","剧场，戏院",n.,"高中",B2
23101,theft,"盗窃",n.,"高中",B2
23102,their,"他(她,它)们的",pron.,"高中",A2
23103,theirs,"他（她,它）们的",pron.,"高中",B1
23104,them,"他/她/它们（宾格）",pron.,"高中",A2
23105,theme,"主题",n.,"高中",B2
23106,themselves,"他/她/它们自己",pron.,"高中",B2
23107,then,"当时,那时,然后,那么",ad.,"高中",A2
23108,theoretical,"理论的",adj.,"高中",B2
23109,theory,"理论",n.,"高中",B2
23110,therapy,"治疗",n.,"高中",B2
23111,there,"那!你瞧! n. 那里,那儿 ad. 在那里,往那里",int.,"高中",A2
23112,thereafter,"此后",adv.,"高中",B2
23113,thereby,"因此",adv.,"高中",B2
23114,therefore,"因此",adv.,"高中",B2
23115,these,"& pron. 这些",a.,"高中",A2
23116,they,"他（她）们；它们",pron.,"高中",A2
23117,thick,"厚的",a.,"高中",A2
23118,"thief (复thieves)","窃贼, 小偷",n.,"高中",B2
23119,thin,"薄的；瘦的；稀的",a.,"高中",A2
23120,thing,"东西；(复)物品，用品；事情，事件",n.,"高中",A2
23121,"think (thought, thought)","想；认为；考虑",v.,"高中",B2
23122,third,"第三",num.,"高中",A2
23123,thirst,"渴；口渴",n.,"高中",B1
23124,thirsty,"渴",a.,"高中",B1
23125,thirteen,"十三",num.,"高中",B2
23126,thirty,"三十",num.,"高中",B1
23127,this,"a.& pron.这，这个","","高中",A2
23128,thorough,"彻底的",adj.,"高中",B2
23129,those,"a.& pron. 那些","","高中",A2
23130,though,"虽然，可是",conj.,"高中",B1
23131,thought,"思考,思想;念头",n.,"高中",B1
23132,thoughtful,"深思的",adj.,"高中",B2
23133,thousand,"千",num.,"高中",B2
23134,threat,"威胁",n.,"高中",B2
23135,three,"三",num.,"高中",A2
23136,thrill,"激动",n./v.,"高中",B2
23137,thrive,"繁荣",v.,"高中",B2
23138,throat,"喉咙",n.,"高中",B2
23139,through,"穿（通）过;从始至终 ad. 穿(通)过;自始至终,全部",prep.,"高中",B1
23140,throughout,"自始至终",prep./adv.,"高中",B2
23141,"throw(threw,thrown)","投,掷,扔",v.,"高中",B2
23142,thrust,"推",v.,"高中",B2
23143,thumb,"拇指",n.,"高中",B2
23144,thunder,"雷声",n.,"高中",B2
23145,Thursday,"星期四",n.,"高中",B2
23146,thus,"这样；因而",ad.,"高中",A2
23147,tick,"作记号 n. 记号,符号,滴答声",vt.,"高中",A2
23148,ticket,"票；卷",n.,"高中",B1
23149,tidy,"整洁的，干净的 vt. 弄整洁，弄干净",a.,"高中",A2
23150,tie,"vt.（用绳，线）系，拴，扎 n. 领带，绳子，结；关系","","高中",A1
23151,tiger,"老虎",n.,"高中",A2
23152,till,"conj.& prep. 直到,直到…为止","","高中",A2
23153,time,"时间;时期;钟点,次,回 vt. 测定…的时间,记录…的时间",n.,"高中",A2
23154,tire,"使疲劳",vi.,"高中",A2
23155,tired,"疲劳的，累的",a.,"高中",A2
23156,tissue,"组织；纸巾",n.,"高中",B2
23157,to,"给；对，向，到",prep.,"高中",A1
23158,toast,"烤面包",n.,"高中",B2
23159,today,"ad.& n. 今天;现在,当前","","高中",A2
23160,together,"一起，共同",ad.,"高中",B2
23161,toilet,"厕所",n.,"高中",B1
23162,Tokyo,"东京",n.,"高中",A2
23163,tolerance,"宽容",n.,"高中",B2
23164,tolerate,"容忍",v.,"高中",B2
23165,toll,"通行费",n.,"高中",B2
23166,tomato,"西红柿，番茄",n.,"高中",B1
23167,tomb,"坟墓",n.,"高中",A2
23168,tomorrow,"& n. 明天",ad.,"高中",B2
23169,tone,"语气",n.,"高中",B2
23170,tongue,"舌，舌头",n.,"高中",B1
23171,tonight,"ad.& n. 今晚，今夜","","高中",B1
23172,too,"也,还,又,太,非常",ad.,"高中",A1
23173,tool,"工具，器具",n.,"高中",A2
23174,"tooth (复 teeth)","牙齿",n.,"高中",B2
23175,toothache,"牙痛",n.,"高中",B2
23176,toothbrush,"牙刷",n.,"高中",B2
23177,toothpaste,"牙膏",n.,"高中",B2
23178,top,"顶部,（物体的）上面",n.,"高中",A1
23179,torture,"折磨",n./v.,"高中",B2
23180,total,"总数的;完全的 n./ v. 合计,总计",a.,"高中",A2
23181,touch,"触摸，接触",vt.,"高中",A2
23182,tough,"坚硬的；结实的；棘手的，难解的",a.,"高中",A2
23183,tour,"参观, 观光, 旅行",n.,"高中",A2
23184,tourism,"旅游业；观光",n.,"高中",B1
23185,tourist,"旅行者，观光者",vn.,"高中",B1
23186,tournament,"锦标赛",n.,"高中",B2
23187,toward(s),"向，朝，对于",prep.,"高中",B2
23188,towel,"毛巾",n.,"高中",A2
23189,tower,"塔",n.,"高中",A2
23190,town,"城镇，城",n.,"高中",A2
23191,toxic,"有毒的",adj.,"高中",B2
23192,toy,"玩具, 玩物",n.,"高中",A1
23193,trace,"踪迹",n./v.,"高中",B2
23194,track,"轨道；田径",n.,"高中",A2
23195,tractor,"拖拉机",n.,"高中",B1
23196,trade,"商业,贸易 vt. 交易",n.,"高中",A2
23197,tradition,"传统，风俗",n.,"高中",B2
23198,traditional,"传统的，风俗的，惯例的",a.,"高中",B2
23199,traffic,"交通，来往车辆",n.,"高中",B1
23200,tragedy,"悲剧",n.,"高中",B2
23201,trail,"小径",n.,"高中",B2
23202,train,"火车 v. 培训,训练",n.,"高中",A2
23203,trainer,"训练人；教练",n.,"高中",B1
23204,training,"培训",n.,"高中",B2
23205,trait,"特征",n.,"高中",B2
23206,transaction,"交易",n.,"高中",B2
23207,transfer,"转移",v./n.,"高中",B2
23208,transform,"转变",v.,"高中",B2
23209,transit,"运输",n.,"高中",B2
23210,transition,"过渡",n.,"高中",B2
23211,translate,"翻译",vt.,"高中",B2
23212,transmit,"传播",v.,"高中",B2
23213,transparent,"透明的",adj.,"高中",B2
23214,trap,"陷阱 vt. 使陷入困境",n.,"高中",A2
23215,travel,"n.& vi. 旅行","","高中",B1
23216,traveler,"旅行者",n.,"高中",B2
23217,treasure,"宝藏",n.,"高中",B2
23218,treat,"对待，看待",vt.,"高中",A2
23219,treaty,"条约",n.,"高中",B2
23220,tree,"树",n.,"高中",A2
23221,tremble,"颤抖",v.,"高中",B2
23222,tremendous,"巨大的",adj.,"高中",B2
23223,trend,"趋势",n.,"高中",B2
23224,trial,"审判",n.,"高中",B2
23225,tribe,"部落",n.,"高中",B2
23226,trick,"把戏",n.,"高中",B2
23227,trigger,"引发",v.,"高中",B2
23228,trim,"修剪",v.,"高中",B2
23229,trip,"旅行，旅程",n.,"高中",A2
23230,triumph,"胜利",n.,"高中",B2
23231,troop,"军队",n.,"高中",B2
23232,tropical,"热带的",adj.,"高中",B2
23233,trouble,"使苦恼,使忧虑,使麻烦 n. 问题,疾病,烦恼,麻烦",vt.,"高中",B1
23234,trousers,"裤子，长裤",n.,"高中",B2
23235,truck,"卡车, 运货车；车皮",n.,"高中",A2
23236,true,"真的，真实的；忠诚的",a.,"高中",A2
23237,trunk,"树干",n.,"高中",B2
23238,truth,"真理,事实,真相,实际",n.,"高中",A2
23239,try,"试，试图，努力",v.,"高中",A1
23240,tube,"管子",n.,"高中",B2
23241,Tuesday,"星期二",n.,"高中",B1
23242,tuition,"学费",n.,"高中",B2
23243,tune,"曲调",n.,"高中",B2
23244,tunnel,"隧道",n.,"高中",B2
23245,turkey,"火鸡",n.,"高中",B1
23246,turn,"旋转，翻转，转变，转弯 n. 轮流，顺序",v.,"高中",A2
23247,turning,"拐弯处，拐角处",n.,"高中",B1
23248,tutor,"导师",n.,"高中",B2
23249,"TV(缩) = television","电视机",n.,"高中",B2
23250,twelfth,"第十二",num.,"高中",B1
23251,twelve,"十二",num.,"高中",B1
23252,twenty,"二十",num.,"高中",B1
23253,twenty-first,"第二十一",num.,"高中",B2
23254,twenty-one,"二十一",num.,"高中",B2
23255,twice,"两次；两倍",ad.,"高中",A2
23256,twin,"双胞胎之一",n.,"高中",A2
23257,twist,"扭曲",v.,"高中",B2
23258,two,"二",num.,"高中",A1
23259,type,"打字 n. 种类,类型",vt.,"高中",A2
23260,typhoon,"台风",n.,"高中",B2
23261,typical,"典型的",adj.,"高中",B2
23262,"U.N./ UN(缩) = the United Nations","联合国",n.,"高中",B2
23263,ultimate,"最终的",adj.,"高中",B2
23264,umbrella,"雨伞",n.,"高中",B2
23265,uncle,"叔,伯,舅,姑夫,姨父",n.,"高中",A2
23266,under,"ad.& prep. 在…下面，向…下面","","高中",A2
23267,undergo,"经历",v.,"高中",B2
23268,undergraduate,"本科生",n.,"高中",B2
23269,underground,"地下的 n. 地铁",a.,"高中",B2
23270,undermine,"破坏",v.,"高中",B2
23271,"understand (understood, understood)","懂得;明白;理解",v.,"高中",B2
23272,understanding,"领会;理解",n.,"高中",B2
23273,undertake,"承担",v.,"高中",B2
23274,undo,"取消",v.,"高中",B2
23275,undoubtedly,"无疑地",adv.,"高中",B2
23276,uneasy,"不安的",adj.,"高中",B2
23277,unemployment,"失业",n.,"高中",B2
23278,unexpected,"意外的",adj.,"高中",B2
23279,unfair,"不公平的，不公正的",a.,"高中",B1
23280,unfortunate,"不幸的",adj.,"高中",B2
23281,union,"联盟",n.,"高中",B2
23282,unique,"独特的",adj.,"高中",B2
23283,unit,"单元，单位",n.,"高中",A2
23284,unite,"团结",v.,"高中",B2
23285,unity,"统一",n.,"高中",B2
23286,universal,"普遍的",adj.,"高中",B2
23287,universe,"宇宙",n.,"高中",B2
23288,university,"大学",n.,"高中",B2
23289,unknown,"不知道的",a.,"高中",B1
23290,unless,"如果不，除非",conj.,"高中",B1
23291,unlike,"不像，和…不同",prep.,"高中",B1
23292,unlikely,"不太可能的",adj.,"高中",B2
23293,until,"prep.& conj. 直到…为止","","高中",A2
23294,unusual,"不平常的，异常的",a.,"高中",B1
23295,up,"向上;在上方 prep. 向(高处);向(在)…上(面)游",ad.,"高中",A1
23296,update,"更新",v./n.,"高中",B2
23297,upgrade,"升级",v.,"高中",B2
23298,uphold,"维护",v.,"高中",B2
23299,upon,"在…上面",prep.,"高中",A2
23300,upper,"上面的",adj.,"高中",B2
23301,upset,"不安的",adj.,"高中",B2
23302,upstairs,"在楼上，到楼上",ad.,"高中",B2
23303,urban,"城市的",adj.,"高中",B2
23304,urge,"敦促",v.,"高中",B2
23305,urgent,"紧急的",adj.,"高中",B2
23306,use,"利用,使用,应用 n. [juːs] 用法,应用,运用",vt.,"高中",A1
23307,used,"用过的;旧的;二手的",a.,"高中",A2
23308,useful,"有用的，有益的",a.,"高中",B1
23309,useless,"无用的",a.,"高中",B1
23310,user,"使用者；用户",n.,"高中",A2
23311,usual,"通常的，平常的",a.,"高中",A2
23312,usually,"通常，经常",ad.,"高中",B1
23313,utility,"公用事业",n.,"高中",B2
23314,utilize,"利用",v.,"高中",B2
23315,utmost,"最大的",adj.,"高中",B2
23316,utter,"完全的",adj.,"高中",B2
23317,vacant,"空的",adj.,"高中",B2
23318,vague,"模糊的",adj.,"高中",B2
23319,vain,"徒劳的",adj.,"高中",B2
23320,valid,"有效的",adj.,"高中",B2
23321,valley,"山谷, 溪谷",n.,"高中",B1
23322,van,"货车",n.,"高中",B2
23323,vanish,"消失",v.,"高中",B2
23324,variable,"可变的",adj.,"高中",B2
23325,variation,"变化",n.,"高中",B2
23326,vast,"广阔的",adj.,"高中",B2
23327,vegetable,"蔬菜",n.,"高中",B2
23328,vehicle,"车辆",n.,"高中",B2
23329,venture,"冒险",n./v.,"高中",B2
23330,venue,"场地",n.,"高中",B2
23331,verdict,"裁决",n.,"高中",B2
23332,verify,"验证",v.,"高中",B2
23333,version,"版本",n.,"高中",B2
23334,versus,"对",prep.,"高中",B2
23335,vertical,"垂直的",adj.,"高中",B2
23336,very,"很，非常",ad.,"高中",A2
23337,vessel,"船只",n.,"高中",B2
23338,veteran,"老兵",n.,"高中",B2
23339,via,"经由",prep.,"高中",B2
23340,vice,"副的",adj.,"高中",B2
23341,victim,"受害者，牺牲品",n.,"高中",B1
23342,video,"录像，视频",n.,"高中",A2
23343,view,"观点",n.,"高中",B2
23344,viewer,"观众",n.,"高中",B2
23345,vigorous,"精力充沛的",adj.,"高中",B2
23346,village,"村庄，乡村",n.,"高中",B1
23347,villager,"村民",n.,"高中",B2
23348,violate,"违反",v.,"高中",B2
23349,violence,"暴力",n.,"高中",B2
23350,violin,"小提琴",n.,"高中",B1
23351,virtue,"美德",n.,"高中",B2
23352,visible,"可见的",adj.,"高中",B2
23353,vision,"视力",n.,"高中",B2
23354,visit,"n.& vt. 参观，访问，拜访","","高中",A2
23355,visitor,"访问者，参观者",n.,"高中",B1
23356,visual,"视觉的",adj.,"高中",B2
23357,vital,"至关重要的",adj.,"高中",B2
23358,vivid,"生动的",adj.,"高中",B2
23359,vocabulary,"词汇",n.,"高中",B2
23360,voice,"说话声; 语态",n.,"高中",A2
23361,volcano,"火山",n.,"高中",B2
23362,volleyball,"排球",n.,"高中",B2
23363,volume,"体积",n.,"高中",B2
23364,voluntary,"自愿的",adj.,"高中",B2
23365,vote,"投票",v./n.,"高中",B2
23366,voyage,"航行",n.,"高中",B2
23367,wage,"工资",n.,"高中",B2
23368,wagon,"马车",n.,"高中",B2
23369,waist,"腰",n.,"高中",B2
23370,wait,"等，等候",vi.,"高中",A2
23371,"wake (woke, woken)","醒来,叫醒",v.,"高中",B2
23372,walk,"n.& v. 步行；散步","","高中",A2
23373,wallet,"(放钱,证件等的)皮夹",n.,"高中",B1
23374,wander,"漫步",v.,"高中",B2
23375,want,"想,想要,需要,必要",vt.,"高中",A2
23376,war,"战争",n.,"高中",A1
23377,ward,"病房",n.,"高中",B2
23378,warehouse,"仓库",n.,"高中",B2
23379,warfare,"战争",n.,"高中",B2
23380,warm,"暖和的,温暖的;热情的",a.,"高中",A2
23381,warning,"警报",n.,"高中",B1
23382,warrant,"保证",n./v.,"高中",B2
23383,washroom,"盥洗室",n.,"高中",B2
23384,waste,"n.& vt. 浪费","","高中",A2
23385,watch,"观看，注视；当心，注意 n. 手表，表",vt.,"高中",A2
23386,water,"水v. 浇水",n.,"高中",A2
23387,wave,"n.（热、光、声等的）波，波浪 v. 挥手，挥动，波动","","高中",A2
23388,way,"路，路线；方式，手段",n.,"高中",A1
23389,we,"我们",pron.,"高中",A1
23390,weak,"差的，弱的，淡的",a.,"高中",A2
23391,weaken,"削弱",v.,"高中",B2
23392,weakness,"弱点",n.,"高中",B2
23393,wealth,"财富",n.,"高中",B2
23394,weapon,"武器",n.,"高中",B2
23395,"wear (wore, worn)","穿，戴",v.,"高中",B2
23396,weather,"天气",n.,"高中",B1
23397,weave,"编织",v.,"高中",B2
23398,web,"网",n.,"高中",B2
23399,Wednesday,"星期三",n.,"高中",B2
23400,weed,"杂草",n.,"高中",B2
23401,week,"星期，周",n.,"高中",A2
23402,weekday,"平日,工作日",n.,"高中",B1
23403,weekend,"周末",n.,"高中",B1
23404,weep,"哭泣",v.,"高中",B2
23405,weigh,"称…的重量，重（若干）",vt.,"高中",A2
23406,weight,"重，重量",n.,"高中",B1
23407,welcome,"int.n. & v. 欢迎 a. 受欢迎的","","高中",B1
23408,welfare,"福利",n.,"高中",B2
23409,well,"(better, best) ad. 好 a.好的,健康的 int. 好吧,那么,哎呀 n. 井","","高中",A2
23410,well-known,"出名,众所周知的",a.,"高中",B2
23411,west,"(在)西；向西,从西来的 ad. 在西方,向西方 n. 西部；西方",a.,"高中",A2
23412,western,"西方的，西部的",a.,"高中",B1
23413,westerner,"西方人",n.,"高中",B2
23414,westwards,"向西",ad.,"高中",B2
23415,wet,"湿的,潮的,多雨的",a.,"高中",A1
23416,what,"什么,怎么样 a. 多么，何等；什么",pron.,"高中",A2
23417,whatever,"& pron. 无论什么，不管什么",conj.,"高中",B2
23418,wheat,"小麦",n.,"高中",A2
23419,wheel,"轮，机轮",n.,"高中",A2
23420,when,"当…的时候 ad. 什么时候，何时",conj.,"高中",A2
23421,whenever,"每当，无论何时",conj.,"高中",B2
23422,where,"在哪里；往哪里",ad.,"高中",A2
23423,whereas,"然而",conj.,"高中",B2
23424,wherever,"无论在哪里",conj.,"高中",B2
23425,whether,"是否",conj.,"高中",B1
23426,which,"哪一个；哪些",pron.,"高中",A2
23427,whichever,"无论哪个;无论哪些",pron.,"高中",B2
23428,while,"在…的时候,和…同时 n. 一会儿，一段时间",conj.,"高中",A2
23429,whip,"鞭子",n.,"高中",B2
23430,whisper,"低语",v./n.,"高中",B2
23431,whistle,"口哨",n./v.,"高中",B2
23432,white,"白色的 n. 白色",a.,"高中",A2
23433,who,"谁",pron.,"高中",A1
23434,whole,"整个的",a.,"高中",A2
23435,whom,"(who的宾格 )",pron.,"高中",A2
23436,whose,"谁的",pron.,"高中",A2
23437,why,"ad./ int. 为什么, 你难道不知道（表示反驳、不耐烦等）","","高中",A1
23438,wide,"宽阔的",a.,"高中",A2
23439,widespread,"广泛的",adj.,"高中",B2
23440,widow,"寡妇",n.,"高中",B2
23441,width,"宽度",n.,"高中",B2
23442,wife,"妻子",n.,"高中",A2
23443,wilderness,"荒野",n.,"高中",B2
23444,will,"意志, 遗嘱",n.,"高中",A2
23445,"will (would)","将,会(表示将来)；愿意，要",v.,"高中",B2
23446,willing,"愿意的",adj.,"高中",B2
23447,"win (won, won)","获胜，赢得 ",n.,"高中",B2
23448,"wind (wound,wound)","缠，连带；蜿蜒，弯曲 n. 风",vt.,"高中",B2
23449,window,"窗户；计算机的窗",n.,"高中",B1
23450,windy,"有风的，多风的",a.,"高中",A2
23451,wine,"酒",n.,"高中",A2
23452,winner,"获胜者",n.,"高中",B1
23453,winter,"冬天，冬季",n.,"高中",B1
23454,wipe,"擦",v.,"高中",B2
23455,wire,"电线",n.,"高中",B2
23456,wisdom,"智慧",n.,"高中",B2
23457,wish,"愿望，祝愿 vt. 希望，想要，祝愿",n.,"高中",A2
23458,wit,"机智",n.,"高中",B2
23459,withdraw,"撤回",v.,"高中",B2
23460,without,"没有",prep.,"高中",B1
23461,witness,"目击者",n.,"高中",B2
23462,"woman (复women)","妇女，女人",n.,"高中",B2
23463,wonder,"对…疑惑，感到惊奇,想知道 n. 惊讶,惊叹;奇迹",v.,"高中",B1
23464,wonderful,"美妙的，精彩的；了不起的；太好了",a.,"高中",B2
23465,wool,"l n. 羊毛，羊绒","","高中",A2
23466,woolen,"羊毛的，羊毛制的",a.,"高中",B1
23467,word,"词，单词；话",n.,"高中",A2
23468,work,"工作,劳动,事情 vi. 工作;(机器、器官等)运转,活动",n.,"高中",A2
23469,worker,"工人；工作者",n.,"高中",B1
23470,workforce,"劳动力",n.,"高中",B2
23471,workplace,"工作场所，车间",n.,"高中",B2
23472,works,"著作，作品",n.,"高中",A2
23473,workshop,"车间",n.,"高中",B2
23474,world,"世界",n.,"高中",A2
23475,worm,"软体虫,蠕虫(尤指蚯蚓)",n.,"高中",A2
23476,worried,"担心的，烦恼的",a.,"高中",B1
23477,worry,"n.& v. 烦恼,担忧,发怒,困扰","","高中",A2
23478,worse,"(bad的比较级)更坏的",a.,"高中",A2
23479,worship,"崇拜",v./n.,"高中",B2
23480,worst,"(bad的最高级)最坏的",a.,"高中",A2
23481,worth,"有…的价值,值得…的",a.,"高中",A2
23482,worthwhile,"值得的",adj.,"高中",B2
23483,worthy,"值得的",adj.,"高中",B2
23484,would,"modal v.（will的过去时）将会,打算,想要,过去常常","","高中",A2
23485,wound,"vt.伤,伤害 n. 创伤,伤口","","高中",A2
23486,wounded,"受伤的",a.,"高中",B1
23487,wrist,"手腕",n.,"高中",B2
23488,write,"(wrote, written) v. 写，书写；写作，著述","","高中",A2
23489,wrong,"错误,不正常,有毛病的",a.,"高中",A2
23490,X-ray,"X射线；X光",n.,"高中",A2
23491,yard,"码；院子；场地",n.,"高中",A2
23492,year,"年",n.,"高中",A2
23493,yell,"叫喊",v.,"高中",B2
23494,yellow,"黄色的",a.,"高中",B1
23495,yes,"是，好，同意",ad.,"高中",A1
23496,yesterday,"n.& ad. 昨天","","高中",B2
23497,yet,"尚，还，仍然",ad.,"高中",A1
23498,yield,"产出；屈服",v./n.,"高中",B2
23499,yoghurt,"酸奶",n.,"高中",B2
23500,you,"你；你们",pron.,"高中",A1
23501,young,"年轻的",a.,"高中",A2
23502,youngster,"年轻人",n.,"高中",B2
23503,your,"你的；你们的",pron.,"高中",A2
23504,yours,"你的；你们的",pron.,"高中",A2
23505,yourself,"你自己",pron.,"高中",B2
23506,yourselves,"你们自己",pron.,"高中",B2
23507,youth,"青春；青年",n.,"高中",A2
23508,zero,"& num. 零,零度,零点",n.,"高中",A2
23509,zone,"区域",n.,"高中",B2
23510,zoo,"动物园",n.,"高中",A1
23511,zoom,"快速移动",v.,"高中",B2
